web-scraper-order,web-scraper-start-url,link,link-href
"1717618264-1","https://www.zeit.de/suche/index?q=wahlrechtsreform+%7C+wahlrecht+-neukaledonien&type=article&type=gallery&type=video&type=author&type=manualtopic&p=23","Wahlrechtsreform: Ampel will Überhangs- und Ausgleichsmandate im Bundestag abschaffen","https://www.zeit.de/politik/deutschland/2023-01/gesetzesentwurf-wahlrechtsreform-bundestag-ampel"
"1717618264-2","https://www.zeit.de/suche/index?q=wahlrechtsreform+%7C+wahlrecht+-neukaledonien&type=article&type=gallery&type=video&type=author&type=manualtopic&p=23","Verkleinerung des Bundestages: Grüne werben für Wahlrechtsreform, Union droht mit Klage","https://www.zeit.de/politik/deutschland/2023-01/bundestag-verkleinerung-gruene-union-mandate"
"1717618264-3","https://www.zeit.de/suche/index?q=wahlrechtsreform+%7C+wahlrecht+-neukaledonien&type=article&type=gallery&type=video&type=author&type=manualtopic&p=23","Wahlwiederholung in Berlin: Frau Bertermann kandidiert jetzt für die falsche Partei","https://www.zeit.de/politik/deutschland/2023-01/berlin-wahlwiederholung-falsche-kandidaten"
"1717618264-4","https://www.zeit.de/suche/index?q=wahlrechtsreform+%7C+wahlrecht+-neukaledonien&type=article&type=gallery&type=video&type=author&type=manualtopic&p=23","Sturm auf das Kapitol: ""Dieser Aufstand war ein Geschenk an das amerikanische Volk""","https://www.zeit.de/2023/01/usa-kapitol-aufstand-barbara-walter"
"1717618264-5","https://www.zeit.de/suche/index?q=wahlrechtsreform+%7C+wahlrecht+-neukaledonien&type=article&type=gallery&type=video&type=author&type=manualtopic&p=23","Vornamen : Vieles könnte so einfach sein","https://www.zeit.de/2023/02/vornamen-kinder-christine-lambrecht-christian-lindner"
"1717618264-6","https://www.zeit.de/suche/index?q=wahlrechtsreform+%7C+wahlrecht+-neukaledonien&type=article&type=gallery&type=video&type=author&type=manualtopic&p=23","Psychologie: Ich müsste, könnte, sollte – schaff's aber nicht","https://www.zeit.de/2023/01/erschoepfung-psychologie-krisen-gesellschaft"
"1717618264-7","https://www.zeit.de/suche/index?q=wahlrechtsreform+%7C+wahlrecht+-neukaledonien&type=article&type=gallery&type=video&type=author&type=manualtopic&p=23","Wahlrecht: Bundesfamilienministerin befürwortet Wahlrecht ab 16 Jahren","https://www.zeit.de/politik/deutschland/2022-12/wahlrecht-bundesfamilienministerin-lisa-paus-16-jahre-wahlalter"
"1717618264-8","https://www.zeit.de/suche/index?q=wahlrechtsreform+%7C+wahlrecht+-neukaledonien&type=article&type=gallery&type=video&type=author&type=manualtopic&p=23","US-Haushalt: Repräsentantenhaus stimmt über Milliardenhilfen für Ukraine ab","https://www.zeit.de/politik/ausland/2022-12/us-haushalt-kongress-abstimmung-ukraine-wahlrecht-reform-sturm-kapitol"
"1717618264-9","https://www.zeit.de/suche/index?q=wahlrechtsreform+%7C+wahlrecht+-neukaledonien&type=article&type=gallery&type=video&type=author&type=manualtopic&p=23","Bundestagspräsidentin: Bärbel Bas wirbt für längere Wahlperiode und niedrigeres Wahlalter","https://www.zeit.de/politik/deutschland/2022-12/baerbel-bas-wahlperiode-wahlalter-wahlberechtigung"
"1717618264-10","https://www.zeit.de/suche/index?q=wahlrechtsreform+%7C+wahlrecht+-neukaledonien&type=article&type=gallery&type=video&type=author&type=manualtopic&p=23","Gesetze: Wie man Politik schönredet","https://www.zeit.de/politik/2022-12/gesetze-respect-for-marriage-act-kita-qualitaetsgesetz-namen"
"1717618266-11","https://www.zeit.de/suche/index?q=wahlrechtsreform+%7C+wahlrecht+-neukaledonien&type=article&type=gallery&type=video&type=author&type=manualtopic&p=22","Wahlrechtsreform: Das hatten wir doch schon mal","https://www.zeit.de/politik/deutschland/2023-01/wahlrechtsreform-union-bundestag-verkleinerung"
"1717618266-12","https://www.zeit.de/suche/index?q=wahlrechtsreform+%7C+wahlrecht+-neukaledonien&type=article&type=gallery&type=video&type=author&type=manualtopic&p=22","Wahlrechtsreform: Wer heute nicht im Bundestag säße","https://www.zeit.de/politik/deutschland/2023-01/wahlrechtsreform-bundestagswahl-2021-ueberhangmandate-interaktiv"
"1717618266-13","https://www.zeit.de/suche/index?q=wahlrechtsreform+%7C+wahlrecht+-neukaledonien&type=article&type=gallery&type=video&type=author&type=manualtopic&p=22","Wahlrechtsreform: Union will Zahl der Wahlkreise auf 270 senken","https://www.zeit.de/politik/deutschland/2023-01/wahlrechtsreform-union-ampel-wahlkreise-anzahl-bundestag"
"1717618266-14","https://www.zeit.de/suche/index?q=wahlrechtsreform+%7C+wahlrecht+-neukaledonien&type=article&type=gallery&type=video&type=author&type=manualtopic&p=22","Wahlrechtsreform: Und raus bist du","https://www.zeit.de/2023/04/wahlrechtsreform-bundestag-ampel-demokratie"
"1717618266-15","https://www.zeit.de/suche/index?q=wahlrechtsreform+%7C+wahlrecht+-neukaledonien&type=article&type=gallery&type=video&type=author&type=manualtopic&p=22","Wahlrechtsreform: ""Die Reform fühlt sich an, als würde man uns in den Rücken fallen""","https://www.zeit.de/politik/deutschland/2023-01/wahlrechtsreform-ampel-ueberhangmandat-erik-von-malottki-demokratie"
"1717618266-16","https://www.zeit.de/suche/index?q=wahlrechtsreform+%7C+wahlrecht+-neukaledonien&type=article&type=gallery&type=video&type=author&type=manualtopic&p=22","Diversity an US-Universitäten: Wer wird hier diskriminiert?","https://www.zeit.de/politik/ausland/2023-01/diversity-us-universitaeten-hochschulzulassung-rassismus-5vor8"
"1717618266-17","https://www.zeit.de/suche/index?q=wahlrechtsreform+%7C+wahlrecht+-neukaledonien&type=article&type=gallery&type=video&type=author&type=manualtopic&p=22","Nachrichtenpodcast: Wenn Erdoğan, al-Assad und Putin gemeinsame Sache machen","https://www.zeit.de/politik/2023-01/syrien-politik-tuerkei-recep-tayyip-erdogan-wahljahr-nachrichtenpodcast"
"1717618266-18","https://www.zeit.de/suche/index?q=wahlrechtsreform+%7C+wahlrecht+-neukaledonien&type=article&type=gallery&type=video&type=author&type=manualtopic&p=22","Bundestagswahl: Angriff auf die Wahlkreiskönige","https://www.zeit.de/politik/deutschland/2023-01/wahlrechtsreform-bundestagswahl-ampel-koalition-bundestag-csu"
"1717618266-19","https://www.zeit.de/suche/index?q=wahlrechtsreform+%7C+wahlrecht+-neukaledonien&type=article&type=gallery&type=video&type=author&type=manualtopic&p=22","&#34;Was jetzt?&#34;-Newsletter: Dnipro, Wahlrechtsreform, Handball-WM","https://www.zeit.de/newsletter/was-jetzt/2023-01/dnipro-wahlrechtsreform-handball-2023-01-16"
"1717618266-20","https://www.zeit.de/suche/index?q=wahlrechtsreform+%7C+wahlrecht+-neukaledonien&type=article&type=gallery&type=video&type=author&type=manualtopic&p=22","Verkleinerung des Bundestags: Union kritisiert geplante Wahlrechtsreform als verfassungswidrig","https://www.zeit.de/politik/ausland/2023-01/bundestag-wahlrechtsreform-ampel-koalition-cdu-csu"
"1717618269-21","https://www.zeit.de/suche/index?q=wahlrechtsreform+%7C+wahlrecht+-neukaledonien&type=article&type=gallery&type=video&type=author&type=manualtopic&p=21","Milizsystem in der Schweiz: Macht mehr Schweizer!","https://www.zeit.de/2023/08/milizsystem-schweiz-personalmangel-auslaender-einbuergerung"
"1717618269-22","https://www.zeit.de/suche/index?q=wahlrechtsreform+%7C+wahlrecht+-neukaledonien&type=article&type=gallery&type=video&type=author&type=manualtopic&p=21","Frauen in der katholischen Kirche: ""Ich könnte mir eine Bischöfin Sattler ganz hervorragend vorstellen""","https://www.zeit.de/2023/08/katholische-kirche-frauen-gleichberechtigung-peter-kohlgraf-dorothea-sattler"
"1717618269-23","https://www.zeit.de/suche/index?q=wahlrechtsreform+%7C+wahlrecht+-neukaledonien&type=article&type=gallery&type=video&type=author&type=manualtopic&p=21","Wahl in Berlin: Das war der falsche Wahl-Kampf","https://www.zeit.de/politik/deutschland/2023-02/berlin-wahl-wiederholung-abgeordnetenhaus"
"1717618269-24","https://www.zeit.de/suche/index?q=wahlrechtsreform+%7C+wahlrecht+-neukaledonien&type=article&type=gallery&type=video&type=author&type=manualtopic&p=21","Joe Biden: Der Auftritt, auf den alles wartet","https://www.zeit.de/politik/ausland/2023-02/joe-biden-rede-nation-kongress-usa"
"1717618269-25","https://www.zeit.de/suche/index?q=wahlrechtsreform+%7C+wahlrecht+-neukaledonien&type=article&type=gallery&type=video&type=author&type=manualtopic&p=21","Kamala Harris: Von der Hoffnungsträgerin zur Nebendarstellerin","https://www.zeit.de/2023/06/kamala-harris-vizepraesidentin-us-wahl-2024"
"1717618269-26","https://www.zeit.de/suche/index?q=wahlrechtsreform+%7C+wahlrecht+-neukaledonien&type=article&type=gallery&type=video&type=author&type=manualtopic&p=21","Friedrich Merz: Gar nicht so übel","https://www.zeit.de/2023/06/friedrich-merz-cdu-vorsitz-jahr-bilanz"
"1717618269-27","https://www.zeit.de/suche/index?q=wahlrechtsreform+%7C+wahlrecht+-neukaledonien&type=article&type=gallery&type=video&type=author&type=manualtopic&p=21","Proteste in Peru: ""Wir haben keine Angst, weil wir weiterkämpfen müssen""","https://www.zeit.de/politik/ausland/2023-02/peru-proteste-ausschreitungen-armut"
"1717618269-28","https://www.zeit.de/suche/index?q=wahlrechtsreform+%7C+wahlrecht+-neukaledonien&type=article&type=gallery&type=video&type=author&type=manualtopic&p=21","Bundestag: Ampel würde Wahlrechtsreform auch ohne Zustimmung der Union umsetzen","https://www.zeit.de/politik/deutschland/2023-01/wahlrechtsreform-bundestag-ampel-koalition-debatte-plenum"
"1717618269-29","https://www.zeit.de/suche/index?q=wahlrechtsreform+%7C+wahlrecht+-neukaledonien&type=article&type=gallery&type=video&type=author&type=manualtopic&p=21","Bundestag: Mut zur Größe","https://www.zeit.de/2023/05/bundestag-groesse-wahlrechtsreform-wachstum"
"1717618269-30","https://www.zeit.de/suche/index?q=wahlrechtsreform+%7C+wahlrecht+-neukaledonien&type=article&type=gallery&type=video&type=author&type=manualtopic&p=21","Wahlrecht: Verschiedene Altersgrenzen bei Wahlen verwirren junge Menschen","https://www.zeit.de/politik/deutschland/2023-01/deutschland-wahlrecht-studie"
"1717618271-31","https://www.zeit.de/suche/index?q=wahlrechtsreform+%7C+wahlrecht+-neukaledonien&type=article&type=gallery&type=video&type=author&type=manualtopic&p=20","Israel: Auch der Kanzler muss nun Stellung beziehen","https://www.zeit.de/2023/12/israel-benjamin-netanjahu-justizreform-westjordanland-nahostkonflikt"
"1717618271-32","https://www.zeit.de/suche/index?q=wahlrechtsreform+%7C+wahlrecht+-neukaledonien&type=article&type=gallery&type=video&type=author&type=manualtopic&p=20","Wahlrechtsreform: Verschwindet die CSU aus dem Bundestag?","https://www.zeit.de/2023/12/wahlrechtsreform-csu-bundestag-ampel-koalition-markus-soeder"
"1717618271-33","https://www.zeit.de/suche/index?q=wahlrechtsreform+%7C+wahlrecht+-neukaledonien&type=article&type=gallery&type=video&type=author&type=manualtopic&p=20","Wahlrecht: Wie viel zählt künftig ein Direktmandat?","https://www.zeit.de/politik/deutschland/2023-03/wahlrecht-ampel-koalition-wahlrechtsreform-bundestag"
"1717618271-34","https://www.zeit.de/suche/index?q=wahlrechtsreform+%7C+wahlrecht+-neukaledonien&type=article&type=gallery&type=video&type=author&type=manualtopic&p=20","Verkleinerung des Bundestags: Ampel-Parteien stützen die Wahlrechtsreform mit großer Mehrheit","https://www.zeit.de/politik/deutschland/2023-03/bundestag-wahlrechtsreform-ampel-koalition"
"1717618271-35","https://www.zeit.de/suche/index?q=wahlrechtsreform+%7C+wahlrecht+-neukaledonien&type=article&type=gallery&type=video&type=author&type=manualtopic&p=20","Bundestag: CSU und Linke drohen mit Verfassungsklagen gegen Wahlrechtsreform","https://www.zeit.de/politik/deutschland/2023-03/bundestag-wahlrechtsreform-csu-linke-verfassungsklagen"
"1717618271-36","https://www.zeit.de/suche/index?q=wahlrechtsreform+%7C+wahlrecht+-neukaledonien&type=article&type=gallery&type=video&type=author&type=manualtopic&p=20","Nachrichtenpodcast: Droht eine neue Finanzkrise?","https://www.zeit.de/politik/2023-03/silicon-valley-bank-bankenkrise-nachrichtenpodcast"
"1717618271-37","https://www.zeit.de/suche/index?q=wahlrechtsreform+%7C+wahlrecht+-neukaledonien&type=article&type=gallery&type=video&type=author&type=manualtopic&p=20","Deutsche Revolution 1848: ""Ideen können nicht erschossen werden""","https://www.zeit.de/2023/11/deutsche-revolution-1848-freiheit-demokratie"
"1717618271-38","https://www.zeit.de/suche/index?q=wahlrechtsreform+%7C+wahlrecht+-neukaledonien&type=article&type=gallery&type=video&type=author&type=manualtopic&p=20","Bundestag: Unionsfraktion will auch neuen Vorschlag für Wahlrechtsreform ablehnen","https://www.zeit.de/politik/deutschland/2023-03/bundestag-wahlrechtsreform-ampel-unionsfraktion-throsten-frei"
"1717618271-39","https://www.zeit.de/suche/index?q=wahlrechtsreform+%7C+wahlrecht+-neukaledonien&type=article&type=gallery&type=video&type=author&type=manualtopic&p=20","Wahlrechtsreform: Bundestag soll von 736 auf 630 Abgeordnete schrumpfen","https://www.zeit.de/politik/deutschland/2023-03/wahlrecht-reform-bundestag-sitze-abgeordnete"
"1717618271-40","https://www.zeit.de/suche/index?q=wahlrechtsreform+%7C+wahlrecht+-neukaledonien&type=article&type=gallery&type=video&type=author&type=manualtopic&p=20","Justizreform in Israel: Nach Plan","https://www.zeit.de/politik/ausland/2023-03/israel-justizreform-benjamin-netanjahu-supreme-court"
"1717618274-41","https://www.zeit.de/suche/index?q=wahlrechtsreform+%7C+wahlrecht+-neukaledonien&type=article&type=gallery&type=video&type=author&type=manualtopic&p=19","Wahlrechtsreform: CSU beschließt Verfassungsbeschwerde gegen Wahlrechtsreform","https://www.zeit.de/politik/deutschland/2023-03/csu-wahlrechtsreform-verfassungsbeschwerde-grundmandatsklausel"
"1717618274-42","https://www.zeit.de/suche/index?q=wahlrechtsreform+%7C+wahlrecht+-neukaledonien&type=article&type=gallery&type=video&type=author&type=manualtopic&p=19","Nachrichtenpodcast: Ein hoher Preis für die Rente mit 64","https://www.zeit.de/politik/2023-03/rentenreform-frankreich-emmanuel-macron-nachrichtenpodcast"
"1717618274-43","https://www.zeit.de/suche/index?q=wahlrechtsreform+%7C+wahlrecht+-neukaledonien&type=article&type=gallery&type=video&type=author&type=manualtopic&p=19","Wahlrecht: Landeswahlleitung lässt AfD nicht zur Bürgerschaftswahl in Bremen zu","https://www.zeit.de/politik/deutschland/2023-03/bremen-wahl-afd"
"1717618274-44","https://www.zeit.de/suche/index?q=wahlrechtsreform+%7C+wahlrecht+-neukaledonien&type=article&type=gallery&type=video&type=author&type=manualtopic&p=19","Wahlrecht: Bundestag beschließt umstrittene Wahlrechtsreform","https://www.zeit.de/politik/deutschland/2023-03/bundestag-beschliesst-wahlrechtsreform"
"1717618274-45","https://www.zeit.de/suche/index?q=wahlrechtsreform+%7C+wahlrecht+-neukaledonien&type=article&type=gallery&type=video&type=author&type=manualtopic&p=19","Wahlrechtsreform: Das war unnötig rücksichtslos","https://www.zeit.de/politik/deutschland/2023-03/wahlrechtsreform-bundestag-verkleinerung-ampel-koalition-grundmandatsklausel"
"1717618274-46","https://www.zeit.de/suche/index?q=wahlrechtsreform+%7C+wahlrecht+-neukaledonien&type=article&type=gallery&type=video&type=author&type=manualtopic&p=19","Bundestagsdebatte zum Wahlrecht: ""Falsch, fehlerhaft, verfassungswidrig""","https://www.zeit.de/politik/deutschland/2023-03/bundestag-wahlrechtsreform-alexander-dobrindt-csu-kritik"
"1717618274-47","https://www.zeit.de/suche/index?q=wahlrechtsreform+%7C+wahlrecht+-neukaledonien&type=article&type=gallery&type=video&type=author&type=manualtopic&p=19","Wahlrecht: Bundestag entscheidet über Wahlrechtsreform","https://www.zeit.de/politik/deutschland/2023-03/bundestag-wahlrechtsreform-ampel-live"
"1717618274-48","https://www.zeit.de/suche/index?q=wahlrechtsreform+%7C+wahlrecht+-neukaledonien&type=article&type=gallery&type=video&type=author&type=manualtopic&p=19","Nachrichtenpodcast: Notwendige Reform oder Angriff auf die Demokratie?","https://www.zeit.de/politik/2023-03/wahlrechtsreform-bundestag-union-linke-kritik-nachrichtenpodcast"
"1717618274-49","https://www.zeit.de/suche/index?q=wahlrechtsreform+%7C+wahlrecht+-neukaledonien&type=article&type=gallery&type=video&type=author&type=manualtopic&p=19","Bundestag: Bund der Steuerzahler sieht Sparpotenzial durch Wahlrechtsreform","https://www.zeit.de/politik/deutschland/2023-03/bundestag-wahlrecht-reform-bund-der-steuerzahler-einsparen"
"1717618274-50","https://www.zeit.de/suche/index?q=wahlrechtsreform+%7C+wahlrecht+-neukaledonien&type=article&type=gallery&type=video&type=author&type=manualtopic&p=19","Wahlrechtsreform: Und raus bist du","https://www.zeit.de/politik/deutschland/2023-03/wahlrechtsreform-linke-union-klage"
"1717618277-51","https://www.zeit.de/suche/index?q=wahlrechtsreform+%7C+wahlrecht+-neukaledonien&type=article&type=gallery&type=video&type=author&type=manualtopic&p=18","USA: Joe Biden sieht Demokratie auf gutem Weg","https://www.zeit.de/politik/ausland/2023-03/usa-joe-biden-demokratie-gipfel-optimismus-ukraine-krieg"
"1717618277-52","https://www.zeit.de/suche/index?q=wahlrechtsreform+%7C+wahlrecht+-neukaledonien&type=article&type=gallery&type=video&type=author&type=manualtopic&p=18","Deutsche Verfassung: Wie die erste deutsche Verfassung auf einer DDR-Schutthalde landete","https://www.zeit.de/2023/12/deutsche-verfassung-grundgesetz-chronologie-nationalsozialismus-mauerfall"
"1717618277-53","https://www.zeit.de/suche/index?q=wahlrechtsreform+%7C+wahlrecht+-neukaledonien&type=article&type=gallery&type=video&type=author&type=manualtopic&p=18","Koalitionsausschuss: Koalition berät seit mehr als 18 Stunden im Kanzleramt","https://www.zeit.de/politik/deutschland/2023-03/bundesregierung-ampel-koalition-streit-kanzleramt-beratungen"
"1717618277-54","https://www.zeit.de/suche/index?q=wahlrechtsreform+%7C+wahlrecht+-neukaledonien&type=article&type=gallery&type=video&type=author&type=manualtopic&p=18","Bernd Riexinger: Früherer Chef der Linken wirbt für Erneuerung der Fraktionsspitze","https://www.zeit.de/politik/deutschland/2023-03/bernd-riexinger-die-linke-fraktionsspitze-sahra-wagenknecht"
"1717618277-55","https://www.zeit.de/suche/index?q=wahlrechtsreform+%7C+wahlrecht+-neukaledonien&type=article&type=gallery&type=video&type=author&type=manualtopic&p=18","Wahlrechtsreform: Linke fordert Drei- statt Fünfprozenthürde bei Bundestagswahlen","https://www.zeit.de/politik/deutschland/2023-03/wahlrechtsreform-gregor-gysi-linke-fuenfprozenthuerde-bundestasgwahlen"
"1717618277-56","https://www.zeit.de/suche/index?q=wahlrechtsreform+%7C+wahlrecht+-neukaledonien&type=article&type=gallery&type=video&type=author&type=manualtopic&p=18","CSU: Gegen jede Logik","https://www.zeit.de/kultur/2023-03/csu-markus-soeder-wahlrechtsreform"
"1717618277-57","https://www.zeit.de/suche/index?q=wahlrechtsreform+%7C+wahlrecht+-neukaledonien&type=article&type=gallery&type=video&type=author&type=manualtopic&p=18","Wahlrechtsreform: Weniger ist Macht","https://www.zeit.de/2023/13/wahlrechtsreform-bundestag-ampel-koalition-csu-linke"
"1717618277-58","https://www.zeit.de/suche/index?q=wahlrechtsreform+%7C+wahlrecht+-neukaledonien&type=article&type=gallery&type=video&type=author&type=manualtopic&p=18","Verkleinerung des Bundestags: Linke fordert von Bundespräsident Stopp umstrittener Wahlrechtsreform","https://www.zeit.de/politik/deutschland/2023-03/wahlrechtsreform-linke-frank-walter-steinmeier"
"1717618277-59","https://www.zeit.de/suche/index?q=wahlrechtsreform+%7C+wahlrecht+-neukaledonien&type=article&type=gallery&type=video&type=author&type=manualtopic&p=18","Thüringen: Landgericht bestätigt Geldstrafe gegen AfD-Politiker Torsten Czuppon","https://www.zeit.de/politik/deutschland/2023-03/thueringen-afd-politiker-torsten-czuppon-geldstrafe-bestaetigung-landgericht-erfurt"
"1717618277-60","https://www.zeit.de/suche/index?q=wahlrechtsreform+%7C+wahlrecht+-neukaledonien&type=article&type=gallery&type=video&type=author&type=manualtopic&p=18","Florian Meinel zur Wahlrechtsreform: ""Vielleicht wird jetzt die Fünfprozenthürde fallen""","https://www.zeit.de/politik/deutschland/2023-03/florian-meinel-wahlrechtsreform-ampel-regierung"
"1717618280-61","https://www.zeit.de/suche/index?q=wahlrechtsreform+%7C+wahlrecht+-neukaledonien&type=article&type=gallery&type=video&type=author&type=manualtopic&p=17","Verlängerung der Legislaturperiode: Bundestagswahl nur noch alle fünf Jahre?","https://www.zeit.de/politik/deutschland/2023-04/legislaturperiode-wahlperiode-verlaengerung-bundestag-demokratie"
"1717618280-62","https://www.zeit.de/suche/index?q=wahlrechtsreform+%7C+wahlrecht+-neukaledonien&type=article&type=gallery&type=video&type=author&type=manualtopic&p=17","Friedrich Merz: ""Das ist völlig inakzeptabel""","https://www.zeit.de/2023/18/friedrich-merz-letzte-generation-klimaschutz"
"1717618280-63","https://www.zeit.de/suche/index?q=wahlrechtsreform+%7C+wahlrecht+-neukaledonien&type=article&type=gallery&type=video&type=author&type=manualtopic&p=17","Klimaschutz: Und nun?","https://www.zeit.de/kultur/2023-04/klimaschutz-klima-debatte-letzte-generation-protest-klimapolitik"
"1717618280-64","https://www.zeit.de/suche/index?q=wahlrechtsreform+%7C+wahlrecht+-neukaledonien&type=article&type=gallery&type=video&type=author&type=manualtopic&p=17","Ruth Brand: Frau Brand, sagen Statistiken die Wahrheit?","https://www.zeit.de/politik/deutschland/2023-04/ruth-brand-praesidentin-statistisches-bundesamt-datenlage-interview"
"1717618280-65","https://www.zeit.de/suche/index?q=wahlrechtsreform+%7C+wahlrecht+-neukaledonien&type=article&type=gallery&type=video&type=author&type=manualtopic&p=17","Schwangerschaftsabbrüche in den USA: Kampf um die Gerichte","https://www.zeit.de/politik/ausland/2023-04/usa-schwangerschaftsabbruch-gericht-unabhaengigkeit-republikaner"
"1717618280-66","https://www.zeit.de/suche/index?q=wahlrechtsreform+%7C+wahlrecht+-neukaledonien&type=article&type=gallery&type=video&type=author&type=manualtopic&p=17","Karlsruhe: Bundesverfassungsgericht berät über Wahlrechtsreform von 2020","https://www.zeit.de/politik/deutschland/2023-04/bundesverfassungsgericht-wahlrechtsreform-2020"
"1717618280-67","https://www.zeit.de/suche/index?q=wahlrechtsreform+%7C+wahlrecht+-neukaledonien&type=article&type=gallery&type=video&type=author&type=manualtopic&p=17","Wahlrechtsreform: Grüne wollen Wahlrechtsreform entschärfen","https://www.zeit.de/politik/deutschland/2023-04/wahlrechtsreform-die-gruenen-grundmandat"
"1717618280-68","https://www.zeit.de/suche/index?q=wahlrechtsreform+%7C+wahlrecht+-neukaledonien&type=article&type=gallery&type=video&type=author&type=manualtopic&p=17","Konservatismus: ""Ohne Konservative wird es keine ökologische Transformation geben""","https://www.zeit.de/2023/16/konservatismus-unionsfraktion-sozial-oekologische-transformation-thomas-biebricher"
"1717618280-69","https://www.zeit.de/suche/index?q=wahlrechtsreform+%7C+wahlrecht+-neukaledonien&type=article&type=gallery&type=video&type=author&type=manualtopic&p=17","USA: Kampf der Hügel","https://www.zeit.de/politik/ausland/2023-04/usa-republikaner-tennessee-abgeordnete"
"1717618280-70","https://www.zeit.de/suche/index?q=wahlrechtsreform+%7C+wahlrecht+-neukaledonien&type=article&type=gallery&type=video&type=author&type=manualtopic&p=17","Ukraine-Überblick: Ukrainischer Plan zur Reintegration der Krim, Explosionen in Melitopol","https://www.zeit.de/politik/ausland/2023-04/ukraine-ueberblick-zwoelfpunkteplan-krim-militaerblogger"
"1717618282-71","https://www.zeit.de/suche/index?q=wahlrechtsreform+%7C+wahlrecht+-neukaledonien&type=article&type=gallery&type=video&type=author&type=manualtopic&p=16","Größe des Bundestags: Bundesrat billigt Wahlrechtsreform","https://www.zeit.de/politik/deutschland/2023-05/bundestag-bundesrat-wahlrechtsreform-csu-klage"
"1717618282-72","https://www.zeit.de/suche/index?q=wahlrechtsreform+%7C+wahlrecht+-neukaledonien&type=article&type=gallery&type=video&type=author&type=manualtopic&p=16","Bremen-Wahl: Was Sie über die Bürgerschaftswahl in Bremen wissen müssen","https://www.zeit.de/politik/deutschland/2023-05/buergerschaftswahl-bremen-kandidaten-parteien-haeufigste-fragen-faq"
"1717618282-73","https://www.zeit.de/suche/index?q=wahlrechtsreform+%7C+wahlrecht+-neukaledonien&type=article&type=gallery&type=video&type=author&type=manualtopic&p=16","Tarek Al-Wazir: ""Die Union hätte die Grundmandatsklausel noch retten können""","https://www.zeit.de/politik/deutschland/2023-05/tarek-al-wazir-wahlrechtsreform-grundmandatsklausel-union-csu"
"1717618282-74","https://www.zeit.de/suche/index?q=wahlrechtsreform+%7C+wahlrecht+-neukaledonien&type=article&type=gallery&type=video&type=author&type=manualtopic&p=16","Love Politics: Sie wollen an die Macht","https://www.zeit.de/2023/19/love-politics-ausbildung-berufswahl"
"1717618282-75","https://www.zeit.de/suche/index?q=wahlrechtsreform+%7C+wahlrecht+-neukaledonien&type=article&type=gallery&type=video&type=author&type=manualtopic&p=16","Nachrichtenpodcast: Mit Markus Söder gegen Wokeness","https://www.zeit.de/politik/2023-05/markus-soeder-csu-bayern-nachrichtenpodcast"
"1717618282-76","https://www.zeit.de/suche/index?q=wahlrechtsreform+%7C+wahlrecht+-neukaledonien&type=article&type=gallery&type=video&type=author&type=manualtopic&p=16","Frankfurter Paulskirche: Mehr Paulskirche wagen!","https://www.zeit.de/2023/19/paulskirche-frankfurt-nationalversammlung-1948-demokratiegeschichte-renovierung"
"1717618282-77","https://www.zeit.de/suche/index?q=wahlrechtsreform+%7C+wahlrecht+-neukaledonien&type=article&type=gallery&type=video&type=author&type=manualtopic&p=16","Diskriminierung von Frauen: ""Da kann doch niemand behaupten, das Patriarchat wäre schuld!""","https://www.zeit.de/2023/19/diskriminierung-frauen-martin-schroeder-emilia-roig"
"1717618282-78","https://www.zeit.de/suche/index?q=wahlrechtsreform+%7C+wahlrecht+-neukaledonien&type=article&type=gallery&type=video&type=author&type=manualtopic&p=16","Bayern: CSU kürt Markus Söder einstimmig zum Spitzenkandidaten für Bayernwahl","https://www.zeit.de/politik/deutschland/2023-05/markus-soeder-csu-parteitag-landtagswahl-spitzenkandidat"
"1717618282-79","https://www.zeit.de/suche/index?q=wahlrechtsreform+%7C+wahlrecht+-neukaledonien&type=article&type=gallery&type=video&type=author&type=manualtopic&p=16","Markus Söder: Startschuss zur Söder-Show","https://www.zeit.de/politik/deutschland/2023-05/markus-soeder-csu-landtagswahl-spitzenkandidat-wahlkampf"
"1717618282-80","https://www.zeit.de/suche/index?q=wahlrechtsreform+%7C+wahlrecht+-neukaledonien&type=article&type=gallery&type=video&type=author&type=manualtopic&p=16","Markus Krall: Der Crash-Prophet und die Putschisten","https://www.zeit.de/gesellschaft/zeitgeschehen/2023-05/markus-krall-crash-prophet-reichsbuerger"
"1717618284-81","https://www.zeit.de/suche/index?q=wahlrechtsreform+%7C+wahlrecht+-neukaledonien&type=article&type=gallery&type=video&type=author&type=manualtopic&p=15","Griechenland: Bei der Parlamentswahl in Griechenland geht es um einen Richtungskampf","https://www.zeit.de/politik/ausland/2023-05/griechenland-wahlen-ministerpraesident-kyriakos-mitsotakis-nea-demokratia-syriza-alexis-tsipras"
"1717618284-82","https://www.zeit.de/suche/index?q=wahlrechtsreform+%7C+wahlrecht+-neukaledonien&type=article&type=gallery&type=video&type=author&type=manualtopic&p=15","Griechenland-Wahl: War da was?","https://www.zeit.de/wirtschaft/2023-05/griechenland-wahl-alexis-tsipras-kyriakos-mitsotakis"
"1717618284-83","https://www.zeit.de/suche/index?q=wahlrechtsreform+%7C+wahlrecht+-neukaledonien&type=article&type=gallery&type=video&type=author&type=manualtopic&p=15","Feministische Literatur: Eine Stadt der Frauen","https://www.zeit.de/kultur/2023-05/feministische-literatur-frauen-leipzig-stadtgeschichte"
"1717618284-84","https://www.zeit.de/suche/index?q=wahlrechtsreform+%7C+wahlrecht+-neukaledonien&type=article&type=gallery&type=video&type=author&type=manualtopic&p=15","Berliner Wiederholungswahl: Bundesverfassungsgericht erklärt Landtagswahlen zur Ländersache","https://www.zeit.de/politik/deutschland/2023-05/bundesverfasssungsgericht-berlin-wiederholungswahl-zulaessig-begruendung"
"1717618284-85","https://www.zeit.de/suche/index?q=wahlrechtsreform+%7C+wahlrecht+-neukaledonien&type=article&type=gallery&type=video&type=author&type=manualtopic&p=15","Türkei: Wahlbeobachter fordern vor der Stichwahl gleiche Chancen in den Medien","https://www.zeit.de/politik/ausland/2023-05/tuerkei-stichwahl-erdogan-wahlbeobachter"
"1717618284-86","https://www.zeit.de/suche/index?q=wahlrechtsreform+%7C+wahlrecht+-neukaledonien&type=article&type=gallery&type=video&type=author&type=manualtopic&p=15","Wahl in Bremen: Wie die Wutbürger in ganz Deutschland punkten wollen","https://www.zeit.de/politik/deutschland/2023-05/https-vivi-zeit-de-repository-politik-deutschland-2023-05-buendnis-deutschland-biw-rechtspopulismus-afd-variant-html"
"1717618284-87","https://www.zeit.de/suche/index?q=wahlrechtsreform+%7C+wahlrecht+-neukaledonien&type=article&type=gallery&type=video&type=author&type=manualtopic&p=15","Bürgerschaftswahl in Bremen: SPD stärkste Kraft in Bremen, rechtspopulistische BIW legt deutlich zu","https://www.zeit.de/politik/deutschland/2023-05/buergerschaftswahl-bremen-live"
"1717618284-88","https://www.zeit.de/suche/index?q=wahlrechtsreform+%7C+wahlrecht+-neukaledonien&type=article&type=gallery&type=video&type=author&type=manualtopic&p=15","Rechtspopulistische BIW: Bürger in Wut wollen sich nach Bremer Erfolg bundesweit aufstellen","https://www.zeit.de/politik/2023-05/biw-bremen-bundesweit-name"
"1717618284-89","https://www.zeit.de/suche/index?q=wahlrechtsreform+%7C+wahlrecht+-neukaledonien&type=article&type=gallery&type=video&type=author&type=manualtopic&p=15","Recep Tayyip Erdoğan: ""Ihr werdet einen hohen Preis zahlen, wenn wir verlieren""","https://www.zeit.de/politik/ausland/2023-05/recep-tayyip-erdogan-tuerkei-istanbul-wahlkampf"
"1717618284-90","https://www.zeit.de/suche/index?q=wahlrechtsreform+%7C+wahlrecht+-neukaledonien&type=article&type=gallery&type=video&type=author&type=manualtopic&p=15","Nachrichtenpodcast: Warum die Türkei-Wahl auch in Deutschland entschieden wird","https://www.zeit.de/politik/2023-05/tuerkei-wahl-deutschland-2023-recep-tayyip-erdogan-nachrichtenpodcast"
