web-scraper-order,web-scraper-start-url,text1,text2,text3,text4,text5
"1717532219-1","https://www.nd-aktuell.de/artikel/1180725.cannabis-legalisierung-nach-jahren-soll-das-cannabis-verbot-fallen.html?sstr=","Ratgeber
	Cannabis-Legalisierung","Nach 40 Jahren soll das Cannabis-Verbot fallen","Cannabis-Legalisierung ab 1. April 2024 vorgesehen","[{""text4"":""Die Regelungen seien »ein echter Meilenstein für eine moderne Drogenpolitik, mit der die Prävention gestärkt und der Gesundheits-, Kinder- und Jugendschutz verbessert« würden. Von einer »Zäsur in der Drogenpolitik« war die Rede. Denn nach jahrzehntelangen Diskussionen rückt die Legalisierung von Cannabis in Deutschland in greifbare Nähe, nachdem der Bundestag mit klarer Mehrheit eine kontrollierte Freigabe der Droge sowie Besitz und Anbau mit zahlreichen Vorgaben für Volljährige zum Eigenkonsum beschloss. Das Gesetz kommt voraussichtlich am 22. März noch in den Bundesrat. Zustimmungsbedürftig ist es nicht, aber die Länderkammer könnte prinzipiell den Vermittlungsausschuss des Bundestages anrufen und das Verfahren abbremsen.""},{""text4"":""Mit dem Inkrafttreten des Gesetzes fällt das seit mehr als 40 Jahren geltende Cannabis-Verbot. Verkauf und Anbau waren in den 70er und frühen 80er Jahren gesetzlich untersagt worden. Erlaubt werden soll für Erwachsene ab 18 Jahren grundsätzlich der Besitz von bis zu 30 Gramm Cannabis zum Eigenkonsum. In der eigenen Wohnung sollen drei lebende Cannabispflanzen legal werden und bis zu 50 Gramm Cannabis zum Eigenkonsum. Kiffen im öffentlichen Raum soll unter anderem in Schulen, Sportstätten und in Sichtweite davon verboten werden – konkret in 100 Metern Luftlinie um den Eingangsbereich.""},{""text4"":""Erlaubt werden sollen auch nicht-kommerzielle »Anbauvereinigungen« für Volljährige, in denen bis zu 500 Mitglieder mit Wohnsitz im Inland Cannabis gemeinschaftlich anbauen und untereinander zum Eigenkonsum abgeben – im Monat höchstens 50 Gramm je Mitglied. Auch soll Cannabis zum 1. April im Betäubungsmittelgesetz von der Liste der verbotenen Substanzen gestrichen werden, sodass Ärzte medizinisches Cannabis leichter verschreiben können. Für den Anbau von Cannabis für medizinische Zwecke würden mehr Möglichkeiten geschaffen.""},{""text4"":""Angekündigt wurde mit dem Gesetz auch, dass die Präventions- und Aufklärungsarbeit massiv ausgebaut wird. Die Überprüfung der Wirksamkeit der Cannabis-Legalisierung wurde enger gefasst als ursprünglich vorgesehen. Statt erst nach vier Jahren soll die Überprüfung nun stufenweise erfolgen. Eine erste Evaluation soll es bereits nach einem Jahr geben, wobei die Veröffentlichung der Ergebnisse für Ende September 2025 geplant ist. Eine zweite Überprüfung gibt es nach zwei und eine abschließende nach vier Jahren. Dabei soll auch die Expertise des Bundeskriminalamts einbezogen werden. Dabei geht es vor allem darum, ob die Regelungen zum Kinder- und Jugendschutz greifen. Gegebenenfalls soll dann nachgeschärft werden.""},{""text4"":""Ähnliche Artikel\n\t\t\t\t\n\t\t\t\t\t\t\t\t\t\n\t\t\t\t\t\t\n\t\t\t\t\t\t\t25.03.2024\n\t\t\t\t\t\t\t\t\t\t\t\t\t\t\t/ Hendrik Lasch\t\t\t\t\t\t\t\t\t\t\t\t\t\t\n\t\t\t\t\t\t\tSachsen-Kenia: Zerfallserscheinungen auf der Zielgeraden\n\t\t\t\t\t\t\t\t\t\t\t\t\t\t\tCannabis-Abstimmung im Bundesrat zeigt zerrütteten Zustand der Koalition aus CDU, Grünen und SPD\n\t\t\t\t\t\t\t\t\t\t\t\t\t\n\t\t\t\t\t\n\t\t\t\t\t\t\t\t\t\n\t\t\t\t\t\t\n\t\t\t\t\t\t\t25.03.2024\n\t\t\t\t\t\t\t\t\t\t\t\t\t\t\t/ Kurt Stenger\t\t\t\t\t\t\t\t\t\t\t\t\t\t\n\t\t\t\t\t\t\tBundesrat zum Cannabisgesetz: zeitgemäße Entscheidung\n\t\t\t\t\t\t\t\t\t\t\t\t\t\t\tKurt Stenger zum Nein des Bundesrats, das Cannabisgesetz zu stoppen\n\t\t\t\t\t\t\t\t\t\t\t\t\t\n\t\t\t\t\t\n\t\t\t\t\t\t\t\t\t\n\t\t\t\t\t\t\n\t\t\t\t\t\t\t21.03.2024\n\t\t\t\t\t\t\t\t\t\t\t\t\t\t\t/ Hendrik Lasch\t\t\t\t\t\t\t\t\t\t\t\t\t\t\n\t\t\t\t\t\t\tCannabis: Wenn ein Gesetz zu verhungern droht\n\t\t\t\t\t\t\t\t\t\t\t\t\t\t\tUnion will Blockade im Vermittlungsausschuss / Abstimmung im Bundesrat am Freitag offen\n\t\t\t\t\t\t\t\t\t\t\t\t\t\n\t\t\t\t\t\n\t\t\t\t\t\t\t\t\n\t\t\tDie Gegner der Cannabis-Legalisierung sehen in dem Gesetz »einen schweren Anschlag auf den Jugend- und Gesundheitsschutz« und befürchten, dass die Legalisierung zu mehr Sucht und weniger Sicherheit gerade junger Menschen führen werde. Durch einen gesteigerten Cannabis-Konsum könnte zudem die Verkehrssicherheit beeinträchtigt werden, auch wenn es hier wie beim Alkohol Grenzwerte für den Konsum geben soll.""},{""text4"":""Ärztepräsident Klaus Reinhardt sprach sich mit Nachdruck dafür aus, die Umsetzung im Bundesrat noch aufzuhalten, indem die Länder das Gesetz in den Vermittlungsausschuss schicken. Neben der Kritik von Medizinverbänden, Rechtsexperten und Innenpolitikern sind aus den Ländern und Kommunen erhebliche Einwände laut geworden, weil die Legalisierung in einer kurzen Frist ab 1. April 2024 greifen soll, was für Länder und Behörden mit viel Aufwand und hohen Kosten verbunden ist.""},{""text4"":""Dabei geht es um die Kontrolle von Besitzmengen und Abständen beim Kiffen etwa zu Schulen – und nicht zuletzt um eine Amnestie von Verurteilungen für Fälle, die künftig erlaubt sind. Betroffene können bei der Staatsanwaltschaft beantragen, dass entsprechende Einträge im Bundeszentralregister getilgt werden. Gerechnet wird beim Bundesamt für Justiz im ersten Jahr mit 328 000 Tilgungsmitteilungen und Mehrkosten von 1,5 Millionen Euro.""}]","Werbung für Cannabis mal ganz anders."
"1717532221-2","https://www.nd-aktuell.de/artikel/1179892.drogen-cannabis-konsum-bald-legal-die-deutsche-vereinsmeierei.html?sstr=","Kommentare
	Drogen","Cannabis-Konsum bald legal: Die deutsche Vereinsmeierei","Andreas Koristka hält nichts von der deutschen Art und Weise, Cannabis zu legalisieren","[{""text4"":""Die Versorgungslage mit Cannabisprodukten war in den Neunzigerjahren in der ostdeutschen Provinz eine Katastrophe. Wer viel Glück hatte, war in der Lage, ein etwas größeres Stück Haschisch zu erwerben. Das konnte man dann bedenkenlos wegrauchen, denn sonderlich viel THC war darin nicht enthalten. Dem Geruch nach zu urteilen, war der Hauptbestandteil des Haschischs harmloser Abrieb von Autoreifen.""},{""text4"":""Wenn man das mit dem Kiffen halbwegs ernst nahm, baute man sich aus Papprollen oder Staubsauger-Rohren eigene Pfeifen. Wenn man die korrekt anwendete, konnte man es schaffen, sich bereits nach einem Zug übergeben zu müssen. Das war nicht besonders angenehm, aber sah außerordentlich lässig aus. Kein Wunder, dass man sich durch den Konsum von Cannabis ein gewisses soziales Ansehen innerhalb der eigenen Peergroup erarbeiten konnte.""},{""text4"":""So einfach wie wir es damals hatten, haben es die jungen Leute heutzutage leider nicht. Außer in irgendwelchen Drogen-Aufklärungsbroschüren für Schüler, spielen Haschischsteine keine Rolle mehr. Wahrscheinlich kann man sie nicht mal mehr in der Berliner Hasenheide kaufen. Hinzu kommt, dass die Ampel-Koalition Cannabis legalisieren möchte. Aber nicht einfach so, sondern auf die uncoolste Art und Weise, die man sich vorstellen kann.""},{""text4"":""Andreas Koristka ist Redakteur der Satirezeitschrift »Eulenspiegel«. Für »nd.DieWoche« schreibt er alle zwei Wochen die Kolumne »Betreutes Lesen«. Alle Texte unter dasnd.de/koristka.""},{""text4"":""Wer künftig ohne Eigenanbau oder medizinische Notwendigkeit Cannabis beziehen möchte, soll Vereinsmitglied in einem Cannabisclub werden. Dort wird es dann so zugehen, wie man es aus dem Vereinsleben kennt. Es wird gemeinschaftliche Arbeitseinsätze zur Pflege der angebauten Pflanzen geben, von 13 bis 15 Uhr und von 22 bis 7 Uhr gelten die Ruhezeiten. Und wenn die Kassenwartin Geburtstag hat, trifft man sich auf ein schönes Stück Kuchen und trinkt gemeinsam Kaffee.""},{""text4"":""Ähnliche Artikel\n\t\t\t\t\n\t\t\t\t\t\t\t\t\t\n\t\t\t\t\t\t\n\t\t\t\t\t\t\t03.06.2024\n\t\t\t\t\t\t\t\t\t\t\t\t\t\t\t/ Sascha Meyer, dpa\t\t\t\t\t\t\t\t\t\t\t\t\t\t\n\t\t\t\t\t\t\tNeuregelung für THC-Konsum am Steuer\n\t\t\t\t\t\t\t\t\t\t\t\t\t\t\tBundesregierung will Cannabis-Grenzwert erhöhen und Mischkonsum bestrafen\n\t\t\t\t\t\t\t\t\t\t\t\t\t\n\t\t\t\t\t\n\t\t\t\t\t\t\t\t\t\n\t\t\t\t\t\t\n\t\t\t\t\t\t\t03.06.2024\n\t\t\t\t\t\t\t\t\t\t\t\t\t\t\t/ Sebastian Weiermann\t\t\t\t\t\t\t\t\t\t\t\t\t\t\n\t\t\t\t\t\t\tCannabis-Legalisierung: Waage gesucht\n\t\t\t\t\t\t\t\t\t\t\t\t\t\t\tSeit zwei Monaten darf in Deutschland gekifft werden, die Regeln werden noch nachjustiert\n\t\t\t\t\t\t\t\t\t\t\t\t\t\n\t\t\t\t\t\n\t\t\t\t\t\t\t\t\t\n\t\t\t\t\t\t\n\t\t\t\t\t\t\t02.05.2024\n\t\t\t\t\t\t\t\t\t\t\t\t\t\t\t/ Matthias Krauß\t\t\t\t\t\t\t\t\t\t\t\t\t\t\n\t\t\t\t\t\t\tDrogensucht: »Die Büchse der Pandora ist längst offen«\n\t\t\t\t\t\t\t\t\t\t\t\t\t\t\t30 Jahre Suchtberatung in Brandenburg – Ruf nach stabiler Finanzierung\n\t\t\t\t\t\t\t\t\t\t\t\t\t\n\t\t\t\t\t\n\t\t\t\t\t\t\t\t\n\t\t\tVorbei werden die Zeiten sein, als die jungen Leute spontan mit einem Fressflash zu Edeka gingen, um Gummibärchen, Cola und Pommbären zu klauen. Der ganze Reiz des Cannabiskonsums wird damit ein für allemal begraben. Denn etwas Spießigeres als in einem deutschen Verein weiche Drogen zu sich zu nehmen, kann man sich kaum vorstellen.""},{""text4"":""Lesen Sie zum Thema: »Von Unwissenschaftlichkeit geprägte Politik« – Der Vorsitzende des Dachverbands der deutschen Cannabis Social Clubs über die Ampel-Versäumnisse beim Cannabis-Gesetz""},{""text4"":""In der neuen App »nd.Digital« lesen Sie alle Ausgaben des »nd« ganz bequem online und offline. Die App ist frei von Werbung und ohne Tracking. Sie ist verfügbar für iOS (zum Download im Apple-Store), Android (zum Download im Google Play Store) und als Web-Version im Browser (zur Web-Version). Weitere Hinweise und FAQs auf dasnd.de/digital.""},{""text4"":""Es ist wie ein Schlag ins Gesicht der gesamten Kifferkultur, was Karl Lauterbach (SPD) und Co. mit dieser Art von Legalisierung ersonnen haben. Mit ihrer Vereinsmeierei versauen sie Millionen von Jugendlichen ihren Weg zu einem vernünftigen und gesunden Erwachsenen, der nie in seinem Leben mit dem Vereinsleben in Berührung kommen musste. Statt Vereinsleben zu fördern, sollten unsere Kinder viel mehr vor dessen Gefahren gewarnt werden.""},{""text4"":""Wir müssen den jungen Leuten endlich erklären, was es wirklich bedeutet, wenn sie versehentlich in einem Karnevalsverein Mitglied werden. Den meisten ist doch gar nicht bewusst, dass sie dort als Funkenmariechen enden können. Auch als Mitglied der DLRG kann der Absturz schnell gehen. Heute will man ein bisschen schwimmen, morgen schon steht man auf einem Rettungsschwimmer-Turm und verbietet aufgebrachten Urlaubern das Baden in der Ostsee wegen angeblicher Strömungen. Davor müssen unsere Kinder endlich geschützt werden!""}]",""
"1717532225-3","https://www.nd-aktuell.de/artikel/1180189.cannabisgesetz-cannabis-bald-legal-endspurt-bei-der-entkriminalisierung.html?sstr=","Wirtschaft und Umwelt
	Cannabisgesetz","Cannabis bald legal: Endspurt bei der Entkriminalisierung","Am Freitag soll im Bundestag über das Cannabisgesetz abgestimmt werden","[{""text4"":""Viele Cannabis-Konument*innen haben eine Neigung zu Zahlenspielereien. Jedes Jahr am 20. April feiern viele »4:20«; das Ganze geht zurück auf eine ziemlich bekiffte Geschichte aus Amerika, in der sich ein paar Freunde nachmittags 20 nach vier getroffen haben, um eine verlassene Cannabis-Plantage zu suchen. Nun, in Deutschland können sich Cannabis-Nutzer*innen in diesem Jahr mindestens drei extra Termine in den Kalender eintragen. Der erste ist dieser Freitag, wenn das Cannabisgesetz im Bundestag beschlossen werden soll. Am 22. März soll es dann im Bundesrat auf der Tagesordnung stehen, was wenn der Vermittlungsausschuss angerufen wird, nochmal zu einer Verzögerung führen könnte. Sollte das nicht der Fall sein, tritt das Gesetz am 1. April in Kraft.""},{""text4"":""Dass die Abstimmungen zum Cannabisgesetz erst kurz vor dem Inkrafttreten stattfinden, war so nicht geplant. Eigentlich hatten die Ampel-Parteien Ende November vergangenen Jahres verkündet, dass sie sich auf einen finalen Gesetzentwurf geeinigt haben. Über diesen sollte im Dezember abgestimmt werden. Dann kam es anders. Die SPD äußerte Bedenken, es wurde noch einmal über das Gesetz verhandelt. Große Veränderungen am Rahmen des Gesetzes gab es nicht: Die Evaluation der Außenwirkungen findet nun früher und breiter statt. Außerdem wird die gewerbsmäßige Abgabe an Jugendliche stärker sanktioniert. Damit können in der Ampel alle, bis auf einzelne SPD-Abgeordnete, gut leben.""},{""text4"":""Mit unserem wöchentlichen Newsletter nd.DieWoche schauen Sie auf die wichtigsten Themen der Woche und lesen die Highlights unserer Samstagsausgabe bereits am Freitag. Hier das kostenlose Abo holen.""},{""text4"":""Allerdings, auch der lauteste Kritiker der Entkriminalisierung ist ein Sozialdemokrat. Sebastian Fiedler, bis zu seinem Einzug in den Bundestag 2021 Chef des Bundes deutscher Kriminalbeamter, erklärte am Mittwoch in einem Interview bei dem juristischen Onlinemagazin »Legal Tribune Online«, dass er am Freitag gegen das Gesetz stimmen werde. Im Koalitionsvertrag habe man die kontrollierte Abgabe von Cannabis an Erwachsene zu Genusszwecken in lizenzierten Geschäften als Ziel vereinbart. Die gebe es nun nicht. Ab dem 1. April könne jeder 25 Gramm Cannabis bei sich tragen. Das sei »genau die Form von Vertriebsmöglichkeit für Dealer, von der sie nicht einmal zu träumen gewagt haben«, kritisiert Fiedler. Dass die Anbauvereinigungen, in denen Mitglieder Cannabis kaufen dürfen, erst zum 1. Juli in Betrieb gehen dürfen, findet Fiedler besonders paradox. In der Zwischenzeit sieht er einen aufblühenden Schwarzmarkt. Innerhalb der SPD kritisierte Fiedler, dass seine Kritik und die anderer bei der Überarbeitung des Gesetzes nicht ausreichend gehört worden sei. Am Freitag wollen sie gegen das Gesetz stimmen.""},{""text4"":""Auch die Innenminister*innen der Bundesländer lehnen das Cannabisgesetz ab. In einem Brief an die Bundestagsfraktionen sowie Bundesinnenministerin Nancy Faeser warnen sie, es seien »gravierende negative Auswirkungen auf die Bekämpfung der organisierten Kriminalität, den Kinder- und Jugendschutz sowie den Gesundheitsschutz« zu befürchten. Die Bundesärztekammer erklärte kürzlich, dass sie die Freigabe von Cannabis zu Genusszwecken ablehnt. Ihr Präsident Klaus Reinhardt forderte eine namentliche Abstimmung im Bundestag, die Fraktionsdisziplin müsse »gegenüber der persönlichen Verantwortung der Abgeordneten zurücktreten«. Auch die CDU/CSU-Fraktion fordert eine namentliche Abstimmung und hat angekündigt, das Cannabisgesetz wieder einzustampfen, wenn sie wieder regiert.""},{""text4"":""Ähnliche Artikel\n\t\t\t\t\n\t\t\t\t\t\t\t\t\t\n\t\t\t\t\t\t\n\t\t\t\t\t\t\t03.06.2024\n\t\t\t\t\t\t\t\t\t\t\t\t\t\t\t/ Sascha Meyer, dpa\t\t\t\t\t\t\t\t\t\t\t\t\t\t\n\t\t\t\t\t\t\tNeuregelung für THC-Konsum am Steuer\n\t\t\t\t\t\t\t\t\t\t\t\t\t\t\tBundesregierung will Cannabis-Grenzwert erhöhen und Mischkonsum bestrafen\n\t\t\t\t\t\t\t\t\t\t\t\t\t\n\t\t\t\t\t\n\t\t\t\t\t\t\t\t\t\n\t\t\t\t\t\t\n\t\t\t\t\t\t\t03.06.2024\n\t\t\t\t\t\t\t\t\t\t\t\t\t\t\t/ Sebastian Weiermann\t\t\t\t\t\t\t\t\t\t\t\t\t\t\n\t\t\t\t\t\t\tCannabis-Legalisierung: Waage gesucht\n\t\t\t\t\t\t\t\t\t\t\t\t\t\t\tSeit zwei Monaten darf in Deutschland gekifft werden, die Regeln werden noch nachjustiert\n\t\t\t\t\t\t\t\t\t\t\t\t\t\n\t\t\t\t\t\n\t\t\t\t\t\t\t\t\t\n\t\t\t\t\t\t\n\t\t\t\t\t\t\t02.05.2024\n\t\t\t\t\t\t\t\t\t\t\t\t\t\t\t/ Matthias Krauß\t\t\t\t\t\t\t\t\t\t\t\t\t\t\n\t\t\t\t\t\t\tDrogensucht: »Die Büchse der Pandora ist längst offen«\n\t\t\t\t\t\t\t\t\t\t\t\t\t\t\t30 Jahre Suchtberatung in Brandenburg – Ruf nach stabiler Finanzierung\n\t\t\t\t\t\t\t\t\t\t\t\t\t\n\t\t\t\t\t\n\t\t\t\t\t\t\t\t\n\t\t\tEs gibt allerdings nicht nur Kritik. Über 30 Expert*innen aus Wissenschaft und Suchtarbeit haben am Montag einen offenen Brief an alle Bundestagsabgeordneten veröffentlicht. Sie appellieren darin an die Verantwortung der Politiker*innen. Durchschnittlich 175 000 Menschen im Jahr würden in Deutschland wegen Cannabis-Besitzes zum Eigengebrauch kriminalisiert. Sie würden mit dem neuen Gesetz nicht mehr »stigmatisiert«. Der Brief verweist außerdem auf die Erfahrungen aus anderen Ländern; diese zeigten, dass eine »moderate Cannabis-Neuregulierung zu mehr Gesundheit und verbesserten Hilfen« führe. Auch der Schwarzmarkt werde sich durch das Modell mit Anbauvereinigungen und heimischem Anbau verringern, prognostizieren die Expert*innen. Allgemein versprechen sie sich eine Stärkung der Drogenhilfe und eine Ermutigung für Eltern und Jugendliche, professionelle Beratungsangebote aufzusuchen.""},{""text4"":""Speziell an diesem Punkt übt einer, der das Gesetz eigentlich befürwortet, scharfe Kritik. Ates Gürpinar, bei den im Bundestag verbliebenen Linken für Drogenpolitik zuständig, kritisiert gegenüber nd, dass kein »durchdachtes Präventionskonzept« vorgestellt wurde. Eine digitale Kampagne ersetze keine Beratungsinfrastruktur, kritisiert der bayerische Abgeordnete, der sich auch Sorgen macht, weil die Ampel bei der Suchtprävention im aktuellen Haushalt gekürzt hat. Gürpinar ist der Auffassung, dass »trotz vieler Mängel« in dieser Woche ein »bedeutender Schritt Richtung rationale Drogenpolitik« gemacht wird. »Vor allem die Beendigung der Strafverfolgung von Konsument*innen ist bedeutsam und trägt zur Entstigmatisierung bei«. Nachbesserungsbedarf sieht er noch bei den Besitzmengen und Abstandsgrenzen zu Schulen und der »Überregulierung« der Anbauvereinigungen.""}]","Für einen Single-Haushalt schon zu viel: Künftig soll jeder Erwachsene drei Cannabis-Pflanzen besitzen dürfen."
"1717532227-4","https://www.nd-aktuell.de/artikel/1178462.legalisierung-cannabisgesetz-von-unwissenschaftlichkeit-gepraegte-politik.html?sstr=","Politik
	Legalisierung","Cannabisgesetz: »Von Unwissenschaftlichkeit geprägte Politik«","Der Vorsitzende des Dachverbands der deutschen Cannabis Social Clubs über die Ampel-Versäumnisse beim Cannabis-Gesetz","[{""text4"":""Die Abstimmung im Bundestag zum geplanten Cannabis-Gesetz ist nun doch wieder auf nächstes Jahr verschoben verschoben worden. Wenn diese dann tatsächlich stattfindet, könnte es noch Monate dauern, bis das Gesetz in Kraft tritt. Wie beurteilen Sie das Gesetz, so wie es zurzeit diskutiert wird?""},{""text4"":""Wir würden damit zugleich die liberalste Cannabis-Regelung Europas und die prohibitionistischste Legalisierung der Welt bekommen. Im Grunde genommen ist es eine Prohibition 2.0. Dennoch haben wir so gute Chancen, dass es im nächsten Jahr etwa 180 000 Strafverfahren weniger gibt und das kann ich nicht anders als einen Fortschritt nennen.""},{""text4"":""Was kritisieren Sie konkret an dem Gesetzentwurf?""},{""text4"":""Steffen Geyer ist Vorsitzender des Dachverbands der Cannabis Social Clubs Deutschland, einer der Direktoren des Hanfmuseums in Berlin und Drogenpolitiker mit SPD-Parteiausweis. Außerdem engagiert er sich im Grüne-Hilfe-Netzwerk.""},{""text4"":""Ich würde mir ein ganz anderes Gesetz wünschen. Der Dachverband der Social Clubs hat ja auch ein alternatives Gesetz entwickelt. Man könnte zum Beispiel den Tenor des Gesetzes komplett ändern, wenn man den Mut hätte, im Paragraf 2 nicht zu schreiben, »es ist verboten, Cannabis zu besitzen«, sondern »es ist genehmigungspflichtig«. Damit würde man den natürlichen Zustand von Cannabis in das Erlaubte hineinholen, was die Lesart von Gerichten und Polizei stark beeinflussen würde. So wie es jetzt ist, kann immer noch jeder Polizist ermitteln und jede Staatsanwaltschaft ein Verfahren einleiten.""},{""text4"":""Ähnliche Artikel\n\t\t\t\t\n\t\t\t\t\t\t\t\t\t\n\t\t\t\t\t\t\n\t\t\t\t\t\t\t03.06.2024\n\t\t\t\t\t\t\t\t\t\t\t\t\t\t\t/ Sascha Meyer, dpa\t\t\t\t\t\t\t\t\t\t\t\t\t\t\n\t\t\t\t\t\t\tNeuregelung für THC-Konsum am Steuer\n\t\t\t\t\t\t\t\t\t\t\t\t\t\t\tBundesregierung will Cannabis-Grenzwert erhöhen und Mischkonsum bestrafen\n\t\t\t\t\t\t\t\t\t\t\t\t\t\n\t\t\t\t\t\n\t\t\t\t\t\t\t\t\t\n\t\t\t\t\t\t\n\t\t\t\t\t\t\t03.06.2024\n\t\t\t\t\t\t\t\t\t\t\t\t\t\t\t/ Sebastian Weiermann\t\t\t\t\t\t\t\t\t\t\t\t\t\t\n\t\t\t\t\t\t\tCannabis-Legalisierung: Waage gesucht\n\t\t\t\t\t\t\t\t\t\t\t\t\t\t\tSeit zwei Monaten darf in Deutschland gekifft werden, die Regeln werden noch nachjustiert\n\t\t\t\t\t\t\t\t\t\t\t\t\t\n\t\t\t\t\t\n\t\t\t\t\t\t\t\t\t\n\t\t\t\t\t\t\n\t\t\t\t\t\t\t02.05.2024\n\t\t\t\t\t\t\t\t\t\t\t\t\t\t\t/ Matthias Krauß\t\t\t\t\t\t\t\t\t\t\t\t\t\t\n\t\t\t\t\t\t\tDrogensucht: »Die Büchse der Pandora ist längst offen«\n\t\t\t\t\t\t\t\t\t\t\t\t\t\t\t30 Jahre Suchtberatung in Brandenburg – Ruf nach stabiler Finanzierung\n\t\t\t\t\t\t\t\t\t\t\t\t\t\n\t\t\t\t\t\n\t\t\t\t\t\t\t\t\n\t\t\tWenn ich ein Gesetz schreiben müsste oder könnte, wäre das deutlich kürzer. Ich würde Cannabis einfach im Jugendschutz bei Tabak und Alkohol ergänzen. Cannabis ist keine risikoreiche Pflanze und auch die daraus hergestellten Genussmittel sind nicht risikoreich. Es gibt keinen rationalen Grund, Cannabis härter zu regulieren als Tabak oder Wein.""},{""text4"":""Das Gesetz soll nach der letzten Fassung weniger streng ausfallen als zunächst geplant, beispielsweise soll nun der Besitz von 50 statt 25 Gramm selbstangebautem Cannabis erlaubt werden. Wie bewerten Sie diese Lockerung?""},{""text4"":""Was die Legalisierungsbewegung haben wollte, steht nicht im Gesetz. Was wir bekommen, ist die kleinstmögliche Änderung, die sich noch als Liberalisierung verkaufen lässt. Im Prinzip hat die Regierung damit, dass der Entwurf des Cannabis-Gesetzes nun etwas weniger restriktiv ausfiel als zuletzt angekündigt, nur Sachen vorweggenommen, die Gerichte sowieso korrigiert hätten. Die Bußgelder sind weiterhin hoch. Es kann also durchaus passieren, dass man zum Beispiel 10 000 Euro zahlen muss, wenn man 26 Gramm dabei hat. Diese Gefahr sehe ich vor allem in Bayern.""},{""text4"":""Das Konsumverbot in der Nähe von Schulen oder ähnlichen Einrichtungen soll für einen Abstand von 100 Meter Entfernung gelten, geplant waren 200 Meter ...""},{""text4"":""Das gibt es für kein anderes Genussmittel. Je nachdem, welcher Quelle man glaubt, steht da »100 Meter« oder »in Sichtweite«. Beides ändert nichts daran, dass ich letztlich nicht weiß, ob ich mich gerade rechtssicher verhalte. Im Gesundheitsausschuss wurde auch kritisiert, dass das in der Praxis für die Konsument*innen und die Verfolgungsbehörden schwer zu kontrollieren und durchzusetzen ist. Es geht ja um Platzverweise und erhebliche Ordnungsgelder.""},{""text4"":""Es sagt keiner etwas, wenn Lehrer mit ihrem Motorrad zur Schule kommen. Durch Motorradfahren gibt es jedes Jahr 30 000 Verunglückte mit 500 Toten. Aber niemand kommt auf die Idee, Kinder vom Anblick von Motorrädern fernzuhalten, um sie nicht zu gefährden oder zu verführen. An dieser Stelle zeigt das Gesetz, dass es nicht um Gesundheitsschutz geht, sondern darum, die Moralvorstellung zu erhalten, dass Cannabis-Konsum riskant sei und aus dem öffentlichen Raum verdrängt sein muss.""},{""text4"":""Ist die Kritik an der Teillegalisierung zum Beispiel der Ärzteverbände, die sich im Gegensatz zu den Legalisierungsbefürworter*innen bei Gesundheitsminister Lauterbach (SPD) die Klinke in die Hand geben, dann politisch motiviert?""},{""text4"":""Jeder, der an den Ausschüssen zum Gesetzentwurf beteiligt ist, hat eine politische Motivation. Wer das Gegenteil behauptet, lügt. Dahinter stehen finanzielle Interessenkonflikte. Wir sind da einfach nicht ehrlich, das ist ein Politikbereich, der von Unehrlichkeit und auch Unwissenschaftlichkeit geprägt ist. Ich unterstelle da keine böse Absicht, das Problem sind die verzerrten Stichproben. Kinderärzte, die Cannabis ablehnen, sind wie Feuerwehrleute, die Häuser ablehnen, weil sie sie so oft brennen sehen. Die gehen halt davon aus, dass alle Cannabiskonsument*innen solche Probleme haben wie die paar, die wegen psychischer Probleme oder so in deren Praxen kommen. Jedes Rauschmittel kann eine toxische Psychose auslösen und ein Prozent der Bevölkerung hat eine genetische Disposition für Psychosen – und dieses eine Prozent haben wir in Ländern mit genauso wie in denen ohne Cannabis-Legalisierung. Es kann also nicht sein, dass es da eine kausale Beziehung gibt. Das ist ein Mythos, dicht gefolgt von dem der Einstiegsdroge und dem sogenannten Amotivationssyndrom. Da wird halt immer eine neue Sau durchs Dorf getrieben.""},{""text4"":""Dass es gesundheitliche Risiken auch beim Cannabis-Konsum gibt, können Sie aber doch nicht komplett leugnen?""},{""text4"":""Natürlich hat jede Substanz Risiken. Auch wer Gummibärchen isst, lebt nicht risikofrei. Die Frage ist, ob wir diese Risiken durch ein Verbot dezimieren. Alles, was ein Zentralnervensystem hat, sucht den Rausch, wir sind da sozusagen Opfer unserer Biochemie. Es gibt ein Bedürfnis danach und das bekommen wir nicht weg, wenn wir die Substanz verbieten.""},{""text4"":""Würden Sie so auch für andere Drogen argumentieren?""},{""text4"":""Nahezu jedes Argument, das man für die Legalisierung von Cannabis finden kann, gilt auch für alle anderen Substanzen. Es gibt keine einzige Substanz, die ungefährlicher wird durch die Art, wie wir es jetzt handhaben. Deshalb wäre es auch falsch, als Reaktion auf die Risiken von Alkohol und Tabak zu sagen, dann verbieten wir die beiden Substanzen auch einfach. Insofern muss man den Mut haben, offen darüber nachzudenken, wie wir das als Gesellschaft gut regeln können. Es gibt für jede Droge einen vernünftigeren Abgabeweg als das Totalverbot. Wir verschwenden im Moment als Gesellschaft einfach wahnsinnig viel Potenzial, um kreativer, produktiver, erholter und sozial verträglicher zu leben.""}]",""
"1717532229-5","https://www.nd-aktuell.de/artikel/1178117.cannabis-aenderung-im-cannabisgesetz-ab-april-darf-gekifft-werden.html?sstr=","Politik
	Cannabis","Änderung im Cannabisgesetz: Ab April darf gekifft werden","Cannabisgesetz entbürokratisiert, Beschlussfassung im Dezember","[{""text4"":""Seit dem Karlsruher Urteil zur Schuldenbremse war befürchtet worden, dass die geplante Legalisierung von Cannabis nicht mehr in naher Zukunft erfolgen würde. Eine Bundestagsdebatte wurde schon verschoben. Diese Befürchtungen dürften nun hinfällig sein. Am Montag einigten sich Abgeordnete der Ampel-Fraktionen mit dem Bundesgesundheitsministerium auf finale Änderungen des Cannnabisgesetzes und auf einen Fahrplan zur Entkriminalisierung. Das Gesetz soll Mitte Dezember im Bundestag beschlossen werden. Ab dem 1. April 2024 soll Cannabisbesitz nicht mehr kriminalisiert werden. Drei Monate später soll es auch die sogenannten Cannabis-Clubs geben. Die Gesetzgebung für Modellprojekte zum kommerziellen Vertrieb von Cannabis steht weiter aus.""},{""text4"":""Es ist nur ein paar Wochen her, da gab es im Bundestag einen Anhörung von Sachverständigen und eine Debatte im Plenarsaal zur Entkriminalisierung von Cannabis. Spart man CDU/CSU und die AfD aus, waren sich alle Parteien einig, dass es Zeit für die Entkriminalisierung der berauschenden Blüten ist. Nur wie diese erfolgen soll, da bestanden noch Differenzen. Der sozialdemokratische Gesundheitsminister Karl Lauterbach, der kein prinzipieller Anhänger der Legalisierung ist, stellte damals vor allem die Drogenprävention in den Vordergrund. Eine Kampagne, die vor den Folgen des Konsums der Pflanze warnt, soll schon vor Inkrafttreten des Cannabisgesetzes beginnen. Relevante Teile der Einnahmen aus dem Cannabisgeschäft will Lauterbach in Präventionsprojekte stecken. Zahlreiche Politiker*innen aus Ampel und linker Opposition äußerten ihre Zweifel an etlichen Detailregeln, sie wurden als zu bürokratisch angesehen. Nun gibt es einige Änderungen und die Cannabis-Enthusiast*innen in Deutschland dürfen ein bisschen beruhigt sein.""},{""text4"":""Besonders kritisiert wurden die im Gesetz vorgesehenen Abstandsregelungen. Im Umkreis von 200 Metern zu Schulen sollte nicht gekifft werden und sollten Cannabis-Anbauvereinigungen keine Räumlichkeiten betreiben dürfen. Im Netz erschienen nach Bekanntwerden des Gesetzentwurfes schnell Karten, die zeigten, dass die Cannabis-Clubs dadurch an den Rand der Städte, in Industriegebiete gedrängt würden. Auch Vertreter*innen von Sicherheitsbehörden konnten mit den Abstandsregeln wenig anfangen und befürchteten einen großen Aufwand. Man wolle nicht mit dem Massband messen, ob jemand 195 oder 205 Meter von einer Schule Cannabis konsumiere, hieß es. Im geänderten Gesetz ist nun festgeschrieben, dass außerhalb der Sichtweite von Schulen und anderen Einrichtungen konsumiert werden darf und dass man bei einem Abstand von 100 Metern davon auszugehen kann, dies einzuhalten.""},{""text4"":""Auch die Menge an Cannabis, die Zuhause angebaut werden darf, wurde erhöht und präzisiert. Es handelt sich nun um 50 Gramm getrocknete Blüten, die jede*r besitzen darf. Eine geringfügige Überschreitung dieser Menge (bis zu 60 Gramm) soll außerdem als Ordnungswidrigkeit und nicht als Straftat behandelt werden.""},{""text4"":""Ähnliche Artikel\n\t\t\t\t\n\t\t\t\t\t\t\t\t\t\n\t\t\t\t\t\t\n\t\t\t\t\t\t\t03.06.2024\n\t\t\t\t\t\t\t\t\t\t\t\t\t\t\t/ Sascha Meyer, dpa\t\t\t\t\t\t\t\t\t\t\t\t\t\t\n\t\t\t\t\t\t\tNeuregelung für THC-Konsum am Steuer\n\t\t\t\t\t\t\t\t\t\t\t\t\t\t\tBundesregierung will Cannabis-Grenzwert erhöhen und Mischkonsum bestrafen\n\t\t\t\t\t\t\t\t\t\t\t\t\t\n\t\t\t\t\t\n\t\t\t\t\t\t\t\t\t\n\t\t\t\t\t\t\n\t\t\t\t\t\t\t03.06.2024\n\t\t\t\t\t\t\t\t\t\t\t\t\t\t\t/ Sebastian Weiermann\t\t\t\t\t\t\t\t\t\t\t\t\t\t\n\t\t\t\t\t\t\tCannabis-Legalisierung: Waage gesucht\n\t\t\t\t\t\t\t\t\t\t\t\t\t\t\tSeit zwei Monaten darf in Deutschland gekifft werden, die Regeln werden noch nachjustiert\n\t\t\t\t\t\t\t\t\t\t\t\t\t\n\t\t\t\t\t\n\t\t\t\t\t\t\t\t\t\n\t\t\t\t\t\t\n\t\t\t\t\t\t\t02.05.2024\n\t\t\t\t\t\t\t\t\t\t\t\t\t\t\t/ Matthias Krauß\t\t\t\t\t\t\t\t\t\t\t\t\t\t\n\t\t\t\t\t\t\tDrogensucht: »Die Büchse der Pandora ist längst offen«\n\t\t\t\t\t\t\t\t\t\t\t\t\t\t\t30 Jahre Suchtberatung in Brandenburg – Ruf nach stabiler Finanzierung\n\t\t\t\t\t\t\t\t\t\t\t\t\t\n\t\t\t\t\t\n\t\t\t\t\t\t\t\t\n\t\t\tAtes Gürpinar, drogenpolitischer Sprecher der Linken im Bundestag sieht den vorliegenden Gesetzentwurf als »großen Erfolg für einen rationaleren Umgang mit Cannabis«. Zufrieden ist er allerdings nicht. Auch wenn einige Regeln verbessert worden seien, bleibe der Schwarzmarkt erhalten. Die Hürden für die Cannabis-Clubs hält Gürpinar für zu hoch. »Tabakfreier und damit risikoärmerer Konsum« werde unmöglich gemacht, weil Edibles (Esswaren mit Cannabis) weiterhin verboten blieben. Das alles sei »bedauerlich« und konterkariere den eigentlichen Zweck der Legalisierung. Gürpinar ist sich sicher: »Für uns bleibt einiges zu tun.«""},{""text4"":""Der Linke-Abgeordnete ist damit auf einer Linie etwa mit dem Branchenverband der Cannabiswirtschaft und dem Deutschen Hanfverband. Sie alle sind erleichtert, dass die Entkriminalisierung feststeht. Hinter ihren Vorstellungen von legalem Cannabis in Deutschland bleibt das Gesetz aber zurück.""}]",""
"1717532232-6","https://www.nd-aktuell.de/artikel/1177559.ampel-plaene-cannabis-entkriminalisierung-light.html?sstr=","Politik
	Ampel-Pläne","Cannabis-Entkriminalisierung light","Fachleute kritisieren Ampel-Pläne zur Teillegalisierung aus verschiedenen Richtungen","[{""text4"":""Knapp zwei Monate vor der geplanten Cannabis-Freigabe in Deutschland zeigen Stellungnahmen von Fachleuten aus Polizei, Justiz, Suchthilfe und Medizin noch einmal deutlich, wie umstritten die Pläne weiterhin sind. Am Montagabend sollten Expertinnen und Experten bei einer öffentlichen Anhörung im Gesundheitsausschuss des Parlaments noch einmal ihre Standpunkte erläutern. Ihre Einschätzungen lagen vorab vor.""},{""text4"":""Der Gesetzentwurf der Ampel sieht vor, Cannabis im Betäubungsmittelgesetz von der Liste der verbotenen Substanzen zu streichen. Für Volljährige ab 18 Jahren soll der Besitz von 25 Gramm erlaubt werden. Privat sollen maximal drei Pflanzen angebaut werden dürfen. In Cannabis-Clubs sollen Vereinsmitglieder die Droge gemeinschaftlich anbauen und gegenseitig abgeben dürfen.""},{""text4"":""Einflussreiche Verbände wie die Bundesärztekammer, der Deutsche Richterbund, die Gewerkschaft der Polizei und medizinische Fachgesellschaften stemmen sich weiterhin gegen das Vorhaben. Der Richterbund äußert »erhebliche Bedenken« und rechnet wie auch Vertreter der Polizeigewerkschaften mit mehr Arbeit für Strafverfolgungsbehörden und Justiz, da die Vorgaben für die künftigen Cannabis-Clubs und zu Anbau und Abgabe der Droge auch überwacht und Verstöße geahndet werden müssten. Befürchtet wird auch, dass der Schwarzmarkt sogar größer wird, da die Herkunft der 25 Gramm, die man besitzen darf, nicht nachgewiesen werden muss.""},{""text4"":""Die Bundesärztekammer wiederum sieht »eine relevante Gefährdung der psychischen Gesundheit und der Entwicklungschancen der jungen Generation«. Sie rechnet mit einer Zunahme des Konsums und damit zusammenhängenden gesundheitlichen und gesellschaftlichen Problemen. Ähnlich sehen es Fachgesellschaften der Kinder- und Jugendmedizin und Kinder- und Jugendpsychiatrie. Die Deutsche Gesellschaft für Psychiatrie und Psychotherapie hält die geplante Altersgrenze für den Zugang zu Cannabis mit 18 Jahren für zu niedrig, »da die Gehirnentwicklung in der Regel bis Mitte 20 noch nicht abgeschlossen ist«. Bis dahin solle die Droge unter anderem wegen eines erhöhten Psychoserisikos nicht konsumiert werden.""},{""text4"":""Ähnliche Artikel\n\t\t\t\t\n\t\t\t\t\t\t\t\t\t\n\t\t\t\t\t\t\n\t\t\t\t\t\t\t03.06.2024\n\t\t\t\t\t\t\t\t\t\t\t\t\t\t\t/ Sascha Meyer, dpa\t\t\t\t\t\t\t\t\t\t\t\t\t\t\n\t\t\t\t\t\t\tNeuregelung für THC-Konsum am Steuer\n\t\t\t\t\t\t\t\t\t\t\t\t\t\t\tBundesregierung will Cannabis-Grenzwert erhöhen und Mischkonsum bestrafen\n\t\t\t\t\t\t\t\t\t\t\t\t\t\n\t\t\t\t\t\n\t\t\t\t\t\t\t\t\t\n\t\t\t\t\t\t\n\t\t\t\t\t\t\t03.06.2024\n\t\t\t\t\t\t\t\t\t\t\t\t\t\t\t/ Sebastian Weiermann\t\t\t\t\t\t\t\t\t\t\t\t\t\t\n\t\t\t\t\t\t\tCannabis-Legalisierung: Waage gesucht\n\t\t\t\t\t\t\t\t\t\t\t\t\t\t\tSeit zwei Monaten darf in Deutschland gekifft werden, die Regeln werden noch nachjustiert\n\t\t\t\t\t\t\t\t\t\t\t\t\t\n\t\t\t\t\t\n\t\t\t\t\t\t\t\t\t\n\t\t\t\t\t\t\n\t\t\t\t\t\t\t02.05.2024\n\t\t\t\t\t\t\t\t\t\t\t\t\t\t\t/ Matthias Krauß\t\t\t\t\t\t\t\t\t\t\t\t\t\t\n\t\t\t\t\t\t\tDrogensucht: »Die Büchse der Pandora ist längst offen«\n\t\t\t\t\t\t\t\t\t\t\t\t\t\t\t30 Jahre Suchtberatung in Brandenburg – Ruf nach stabiler Finanzierung\n\t\t\t\t\t\t\t\t\t\t\t\t\t\n\t\t\t\t\t\n\t\t\t\t\t\t\t\t\n\t\t\tAuf der anderen Seite stehen Befürworter des Vorhabens. »Eine Kriminalisierung des Besitzes von Cannabis zum Eigenkonsum ist nicht mehr zu rechtfertigen«, heißt es etwa von der »Neuen Richtervereinigung«. Der Konsum sei trotz aller Verbotsbemühungen weit verbreitet. Der Deutsche Anwaltverein begrüßt die teilweise Freigabe »ausdrücklich«. Er sieht dadurch das Strafrecht entlastet. Vom Zentrum für Interdisziplinäre Suchtforschung der Universität Hamburg heißt es, das Gesetz erkenne in erster Linie »gesellschaftliche Realitäten« an. 2021 habe etwa jeder Zehnte im Alter von 18 bis 59 mindestens einmal im Jahr Cannabis konsumiert.""},{""text4"":""Der von der SPD eingeladene Strafrechtsprofessor Mustafa Temmuz Oğlakcioğlu geht im Gegensatz zum Richterbund von einer Entlastung der Behörden aus. »Allein die schiere Anzahl von zuletzt über 180 000 konsumbezogenen Cannabis-Verfahren pro Jahr bindet offenkundig erhebliche Ressourcen«, schreibt er in seiner Stellungnahme.""},{""text4"":""Die Bundespsychotherapeutenkammer weist auf die Gefahren des Konsums bei unter 25-Jährigen hin, sieht aber in der Altersgrenze von 18 Jahren und der Vorgabe, dass Cannabis-Clubs nur weniger potentes Cannabis an unter 21-Jährige abgeben dürfen sollen, als »guten Kompromiss«. Die Risiken seien vertretbar, zugleich werde verhindert, dass Cannabis-Gebrauch von Jugendlichen zu lange verheimlicht werde.""},{""text4"":""Nach der Expertenanhörung muss der Bundestag das Gesetz noch beschließen. Das war bislang für die vorletzte Sitzungswoche des Jahres Ende November geplant. Eine Zustimmung des Bundesrates ist laut Bundesgesundheitsministerium nicht nötig. Auf dessen Internetseite heißt es, das Inkrafttreten des Gesetzes sei für Anfang 2024 vorgesehen. Ob der Zeitplan zu halten sein wird, ist aber offen. Parallel läuft eine Kampagne des Ministeriums, die vor den Gesundheitsgefahren des Cannabis-Konsums warnt und sich vor allem an junge Leute wendet.""}]",""
"1717532234-7","https://www.nd-aktuell.de/artikel/1180916.bundesrat-cannabis-wenn-ein-gesetz-zu-verhungern-droht.html?sstr=","Politik
	Bundesrat","Cannabis: Wenn ein Gesetz zu verhungern droht","Union will Blockade im Vermittlungsausschuss / Abstimmung im Bundesrat am Freitag offen","[{""text4"":""Michael Kretschmer redete nicht. Der sächsische CDU-Ministerpräsident hätte in einer von seiner Fraktion beantragten Aktuellen Stunde im Landtag am Donnerstag die Gelegenheit gehabt, sich zum Cannabis-Gesetz zu äußern – und dazu, wie sich Sachsen bei der Abstimmung darüber im Bundesrat an diesem Freitag verhalten will. Für die Regierung ergriff aber CDU-Innenminister Armin Schuster das Wort. Er warb dafür, das Gesetz im Bundesrat nachzubessern. Dieses sei ein »Sicherheitsrisiko«, sagte er und warf der Bundesregierung vor, die begrenzte Freigabe des Rauschgifts gegen Warnungen vieler Experten und Verbände sowie die Mehrheitsmeinung der Bevölkerung durchzudrücken. Das sei »Hybris«.""},{""text4"":""Auf Nachbesserungen am Gesetz drängen tatsächlich viele. Im Bundesrat plädieren die Ausschüsse für Gesundheit, Inneres und Recht dafür, nur der Verkehrsausschuss empfiehlt die Zustimmung. Zahlreiche Länderpolitiker möchten Korrekturen. Sachsens SPD-Gesundheitsministerin Petra Köpping etwa hielt eine Stärkung von Prävention und Jugendschutz für notwendig. Allerdings wird der Vermittlungsausschuss nicht der Ort sein, an dem darüber verhandelt wird. »Wir werden ihn am Freitag nicht anrufen«, sagte sie diese Woche.""},{""text4"":""Auslöser für das strikte Nein war eine Äußerung Kretschmers am Sonntag im Kurznachrichtendienst X. Er hatte dort angekündigt, Sachsen werde den Vermittlungsausschuss anrufen, und angefügt, sein damit verbundenes »Ziel« sei es, dass das Gesetz aus diesem »niemals wieder herauskommt«. Später wurde klar, dass es sich nicht nur um eine Einzelmeinung, sondern um die Linie der Union handelt. So betonte Alexander Dobrindt, Chef der CSU-Landesgruppe im Bundestag, man werde »nicht daran mitarbeiten, dieses Gesetz in irgendeiner Form zu verändern«.""},{""text4"":""Kretschmer hat mit seiner Äußerung womöglich ein Eigentor geschossen, weil danach die Bereitschaft zum Vermittlungsverfahren auch bei Politikern bröckelte, die das Gesetz für noch nicht gelungen halten. Sie sträuben sich aber gegen einen »Missbrauch« des Bundesrates, wie es der sächsische SPD-Abgeordnete Albrecht Pallas in der Landtagsdebatte formulierte: Die CDU wolle »aus Machtkalkül ein demokratisches Gremium unterlaufen«. Wolfram Günther, Vize-Regierungschef von den Grünen, sprach von »Verfahrenstrickserei«.""},{""text4"":""Mit unserem wöchentlichen Newsletter nd.DieWoche schauen Sie auf die wichtigsten Themen der Woche und lesen die Highlights unserer Samstagsausgabe bereits am Freitag. Hier das kostenlose Abo holen.""},{""text4"":""Ähnliche Artikel\n\t\t\t\t\n\t\t\t\t\t\t\t\t\t\n\t\t\t\t\t\t\n\t\t\t\t\t\t\t25.03.2024\n\t\t\t\t\t\t\t\t\t\t\t\t\t\t\t/ Hendrik Lasch\t\t\t\t\t\t\t\t\t\t\t\t\t\t\n\t\t\t\t\t\t\tSachsen-Kenia: Zerfallserscheinungen auf der Zielgeraden\n\t\t\t\t\t\t\t\t\t\t\t\t\t\t\tCannabis-Abstimmung im Bundesrat zeigt zerrütteten Zustand der Koalition aus CDU, Grünen und SPD\n\t\t\t\t\t\t\t\t\t\t\t\t\t\n\t\t\t\t\t\n\t\t\t\t\t\t\t\t\t\n\t\t\t\t\t\t\n\t\t\t\t\t\t\t25.03.2024\n\t\t\t\t\t\t\t\t\t\t\t\t\t\t\t/ Kurt Stenger\t\t\t\t\t\t\t\t\t\t\t\t\t\t\n\t\t\t\t\t\t\tBundesrat zum Cannabisgesetz: zeitgemäße Entscheidung\n\t\t\t\t\t\t\t\t\t\t\t\t\t\t\tKurt Stenger zum Nein des Bundesrats, das Cannabisgesetz zu stoppen\n\t\t\t\t\t\t\t\t\t\t\t\t\t\n\t\t\t\t\t\n\t\t\t\t\t\t\t\t\t\n\t\t\t\t\t\t\n\t\t\t\t\t\t\t17.03.2024\n\t\t\t\t\t\t\t\t\t\t\t\t\t\t\t/ Hendrik Lasch\t\t\t\t\t\t\t\t\t\t\t\t\t\t\n\t\t\t\t\t\t\tSachsenwahl: Mit einem Trio in die nächste schwierige Beziehung\n\t\t\t\t\t\t\t\t\t\t\t\t\t\t\tGrüne in Sachsen wählen Liste mit Dreierspitze. AfD lässt Frauen bei künftigem Landtagspersonal weitgehend außen vor\n\t\t\t\t\t\t\t\t\t\t\t\t\t\n\t\t\t\t\t\n\t\t\t\t\t\t\t\t\n\t\t\tDass diese womöglich scheitert, liegt auch an einem Entgegenkommen von Bundesgesundheitsminister Karl Lauterbach (SPD). Er hatte in der ARD-Sendung »Hart aber fair« eingeräumt, das Gesetz stehe »auf Messers Schneide« und drohe im Vermittlungsausschuss zu »verhungern«. In einer Runde mit Länderkollegen versprach er für Freitag eine Protokollerklärung. Sie soll nach Angaben Köppings Verbesserungen bei Prävention sowie Mengen- und Abstandsregeln enthalten und eine frühere Evaluation des Gesetzes vorsehen. Experten sehen darin eher ein politisches Zeichen als eine juritisch verbindliche Festlegung. Für Köpping aber reichte das, um der Vermittlung zu widersprechen. Weil Länder im Bundesrat einheitlich abstimmen müssen, mündet ihre Uneinigkeit mit Kretschmers CDU in einer Enthaltung, die dem Nein zur Anrufung des Ausschusses gleichkommt.""},{""text4"":""Auch andere Bundesländer haben sich mit Blick auf das Blockade-Szenario der Union positioniert. Als sichere Kandidaten für eine Enthaltung gelten neben Sachsen auch Bremen, Berlin, Schleswig-Holstein, Rheinland-Pfalz, Sachsen-Anhalt, Thüringen und Mecklenburg-Vorpommern. Sicher ist die Mehrheit noch nicht. Befürworter der Freigabe übten Druck auf die Grünen aus, die in elf Ländern mitregieren. Vor allem Baden-Württemberg und Nordrhein-Westfalen standen im Fokus. Bei beiden war bis zuletzt unklar, wie sie abstimmen würden. SPD-Generalsekretär Kevin Kühnert erinnerte in der »Rheinischen Post« daran, dass die Grünen das Gesetz »besonders dringlich« gewünscht hätten. Es sei »nicht gut erklärbar«, wenn man sich nun nicht mindestens enthalte. Cem Özdemir, der in Baden-Württemberg beheimatete Bundeslandwirtschaftsminister, verlautbarte auf X, man nehme »offene Punkte der Länder ernst«, Ziel bleibe aber ein »rasches Inkrafttreten« des Gesetzes. Ob das ein Votum für oder gegen den Vermittlung ist, blieb offen.""}]",""
"1717532236-8","https://www.nd-aktuell.de/artikel/1180881.legalisierung-von-cannabis-neues-cannabisgesetz-das-ist-erst-der-anfang.html?sstr=","Politik
	Legalisierung von Cannabis","Neues Cannabisgesetz: »Das ist erst der Anfang.«","Richter kritisiert Ampel-Parteien und Linke für Wackelkurs bei Legalisierung","[{""text4"":""Würden Sie gerade Wetten darauf abschließen, dass am 1. April legal Cannabis konsumiert werden kann?""},{""text4"":""Nein! Es wird abhängig sein von den Ampel-Parteien auf Länderebene. Und ich weiß nicht, wie insbesondere die Grünen in Nordrhein-Westfalen und Baden-Württemberg sich verhalten werden. Die haben es in der Hand. Aber auch die weiteren Ampel-Parteien können auf Länderebene dafür sorgen, dass das Gesetz zum 1. April durchkommt. Und auch Die Linke in Mecklenburg-Vorpommern.""},{""text4"":""Die Linke in Mecklenburg-Vorpommern?""},{""text4"":""Ja, die Linke-Justizministerin von Mecklenburg-Vorpommern, Jacqueline Bernhardt, macht permanent Stimmung gegen die Cannabis-Legalisierung und erzählt etwas über die Arbeitsbelastung der Justiz. Stimmt Mecklenburg-Vorpommern für den Vermittlungsausschuss oder enthält sich nicht, macht sich Die Linke mitschuldig. Das wird sie auch wieder Wähler kosten.""},{""text4"":""Ähnliche Artikel\n\t\t\t\t\n\t\t\t\t\t\t\t\t\t\n\t\t\t\t\t\t\n\t\t\t\t\t\t\t03.06.2024\n\t\t\t\t\t\t\t\t\t\t\t\t\t\t\t/ Sascha Meyer, dpa\t\t\t\t\t\t\t\t\t\t\t\t\t\t\n\t\t\t\t\t\t\tNeuregelung für THC-Konsum am Steuer\n\t\t\t\t\t\t\t\t\t\t\t\t\t\t\tBundesregierung will Cannabis-Grenzwert erhöhen und Mischkonsum bestrafen\n\t\t\t\t\t\t\t\t\t\t\t\t\t\n\t\t\t\t\t\n\t\t\t\t\t\t\t\t\t\n\t\t\t\t\t\t\n\t\t\t\t\t\t\t03.06.2024\n\t\t\t\t\t\t\t\t\t\t\t\t\t\t\t/ Sebastian Weiermann\t\t\t\t\t\t\t\t\t\t\t\t\t\t\n\t\t\t\t\t\t\tCannabis-Legalisierung: Waage gesucht\n\t\t\t\t\t\t\t\t\t\t\t\t\t\t\tSeit zwei Monaten darf in Deutschland gekifft werden, die Regeln werden noch nachjustiert\n\t\t\t\t\t\t\t\t\t\t\t\t\t\n\t\t\t\t\t\n\t\t\t\t\t\t\t\t\t\n\t\t\t\t\t\t\n\t\t\t\t\t\t\t03.05.2024\n\t\t\t\t\t\t\t\t\t\t\t\t\t\t\t/ Alexander Ludewig\t\t\t\t\t\t\t\t\t\t\t\t\t\t\n\t\t\t\t\t\t\tFußball: Im Osten geht die Sonne unter\n\t\t\t\t\t\t\t\t\t\t\t\t\t\t\tIn den Bundesligen kämpfen die drei Ostklubs gegen den Abstieg, in der Unterklassigkeit bleibt wenig Hoffnung\n\t\t\t\t\t\t\t\t\t\t\t\t\t\n\t\t\t\t\t\n\t\t\t\t\t\t\t\t\n\t\t\tAm Samstag haben Sie in Düsseldorf bei einer Demo vor der Zentrale der NRW-Grünen demonstriert. Sind Sie von der Partei besonders enttäuscht?""},{""text4"":""Ja, natürlich. Nachdem der Bundestag mit überwältigender Mehrheit das Gesetz beschlossen hat, habe ich nicht mehr damit gerechnet, dass es ausgerechnet von den Grünen torpediert werden könnte. Und wenn man Leute wie NRW-Justizminister Limbach oder Herrn Kretschmann aus Baden-Württemberg hört, dann ist jetzt wieder alles in der Schwebe. Und die hätten es ja jeweils in der Hand, sich zu enthalten.""},{""text4"":""Was treibt die Politiker um, die jetzt zögern?""},{""text4"":""Andreas Müller ist seit 1997 Jugendrichter in Bernau bei Berlin. Für Schlagzeilen sorgten Anfang der 2000er Jahre seine kreativen Urteile gegen Neonazis. Seit vielen Jahren setzt sich Müller für die Ent­kriminali­sierung von Cannabis ein.""},{""text4"":""Dummheit und kein Verständnis von der Thematik. Die wollen sich profilieren und Ruhe reinbringen. Winfried Kretschmann ist ein alter Mann – ich glaube nicht, dass er sonderlich viel Ahnung hat von der Verfolgung, die in Sachen Cannabis seit 50 Jahren in Deutschland passiert. Und der Limbach – ich verstehe es nicht. Der überholt die AfD in Sachen Cannabis auf der rechten Spur.""},{""text4"":""Ist es nicht so, dass auf jemanden wie den NRW-Justizminister Druck gemacht wird von Staatsanwält*innen und Richter*innen, es sei nicht zu schaffen, die Amnestieregelung umzusetzen, und er gibt diesem Druck nach? Was ist aus Ihrer Sicht als Richter an dem Argument der Arbeitsüberlastung dran?""},{""text4"":""Das ist hochgradiger Unsinn. Es gibt auch die Neue Richtervereinigung, die immer wieder die Entkriminalisierung sofort fordert. Ich verstehe auch die Staatsanwälte nicht, die von Arbeitsüberlastung faseln. Ich arbeite seit 30 Jahren mit denen zusammen. Und was sie jetzt tun müssen, ist so einfach zu machen. Was gerade passiert, ist reiner Populismus zur Verhinderung des Cannabisgesetzes. Außerdem müssen Ärzte und andere Berufsgruppen auch mal am Wochenende arbeiten. Wenn es also so wäre, wie manche befürchten, würde das drei Wochen mehr Arbeit bedeuten. Aber den Rest der Zeit hätten die Staatsanwälte viel weniger zu tun als zum gegenwärtigen Zeitpunkt.""},{""text4"":""In der neuen App »nd.Digital« lesen Sie alle Ausgaben des »nd« ganz bequem online und offline. Die App ist frei von Werbung und ohne Tracking. Sie ist verfügbar für iOS (zum Download im Apple-Store), Android (zum Download im Google Play Store) und als Web-Version im Browser (zur Web-Version). Weitere Hinweise und FAQs auf dasnd.de/digital.""},{""text4"":""Worum geht es in den Fällen?""},{""text4"":""In den meisten Fällen geht es um Vollstreckungsbeendigung. Jemand wird heute zu einer Geldstrafe verurteilt, und das würde dann nicht mehr vollstreckt. Das ist ein Federstrich, mehr ist das nicht.""},{""text4"":""Sie denken vermutlich nicht, dass die Amnestieregelung ein Fehler war?""},{""text4"":""Nein! Wenn man wie der US-Präsident sagt, das war absolutes Unrecht, was wir da gemacht haben, und wir wollen das Unrecht beenden, dann muss man es beenden, und zwar sofort. Ich kann nur noch den Kopf schütteln, was in Teilen meiner Berufszunft da veranstaltet wird.""},{""text4"":""Was meinen Sie genau?""},{""text4"":""Die Staatsanwaltschaft sollte als objektivste Behörde der Welt sagen: Das machen wir locker. Wie es in Hamburg gerade passiert. Und die Richterschaft sollte sagen: Gott sei Dank, dass wir das endlich machen dürfen. Aber wenn man als Staatsanwalt oder Richter 30 Jahre Cannabis-Konsumenten verfolgt und verurteilt hat, fällt es einem schwer zu sagen: Das war nach damaligem Recht okay, aber heute ist es Unrecht. Das ist der Hintergrund, weswegen sich einige so gegen die Legalisierung sträuben. Die Arbeitsbelastung ist nur vorgeschoben.""},{""text4"":""Welche Konsequenzen für die Legalisierung drohen, wenn der Vermittlungsausschuss angerufen wird?""},{""text4"":""Ich habe das drängende Gefühl, dass es dann im Sande verläuft. Die gesamte Arbeit von vielen, vielen Menschen in den letzten Jahren ist dann vielleicht für die Mülltonne. Ich fürchte, es kann dann wieder sehr lange dauern, bis man auch in Deutschland merkt, dass die Zeit der Cannabis-Prohibition ein Ende haben muss. Im Moment überholt die CDU die AfD auf der rechten Spur. So wie die gerade argumentieren, teilweise zusammen mit den Grünen, kann ich nur noch mit dem Kopf schütteln.""},{""text4"":""Sollte das Cannabisgesetz durch den Bundesrat gehen, sind Sie dann zufrieden?""},{""text4"":""Nein, das ist noch lange nicht perfekt. Das ist erst der Anfang. Die zweite Säule muss kommen; wir brauchen kanadische Verhältnisse. Da spielt ganz viel eine Rolle: Der Jugendschutz wäre gewahrt, vier Millionen Menschen würden nicht mehr für einen Joint oder eine Pflanze kriminalisiert werden. Das Ansehen der Polizei würde sofort steigen, weil sie die Leute deshalb nicht mehr verfolgt.""}]",""
"1717532238-9","https://www.nd-aktuell.de/artikel/1180925.kommentar-zum-legalen-cannabiskonsum-die-laender-verzoegern-die-legalisierung-von-cannabis.html?sstr=","Kommentare
	Kommentar zum legalen Cannabiskonsum","Die Länder verzögern die Legalisierung von Cannabis","Sebastian Weiermann über die Cannabis-Politik der Länder","[{""text4"":""Es ist einen Monat her, da hat der Bundestag mit großer Mehrheit das Cannabisgesetz beschlossen. Eine Erleichterung für Millionen Menschen, die mehr oder weniger häufig Cannabis konsumieren. Sei es zu Genusszwecken oder weil es ihnen gesundheitlich gut tut. Ein Gesetz, das allen Ampel-Parteien am Herzen lag. Es gehört zum Versprechen der Ampel, Deutschland offener und moderner zu machen – was die drei Parteien von der CDU unterscheiden sollte.""},{""text4"":""Dieses Versprechen droht nun gebrochen zu werden. Reihenweise äußern grüne und sozialdemokratische Landesminister*innen nun ihre Bedenken. Zumeist wiederholen sie die Kritik von Staatsanwält*innen und Richter*innen, die Altfallregelung im Gesetz sorge für zu viel Arbeit. Statt die Beschwerden der Legalisierungsverzögerer in den Justizbehörden aufzublähen, sollten die rot, grün, gelb regierten Länder Vernunft annehmen und das Gesetz mittragen. Auf lange Zeit ersparen sie Polizei und Justiz so die alltägliche Kifferjagd. Auf lange Sicht wird auch der konservativste Staatsanwalt die Arbeitsentlastung feststellen.""}]",""
"1717532240-10","https://www.nd-aktuell.de/artikel/1180964.legalisierung-bundesrat-zum-cannabisgesetz-zeitgemaesse-entscheidung.html?sstr=","Kommentare
	Legalisierung","Bundesrat zum Cannabisgesetz: zeitgemäße Entscheidung","Kurt Stenger zum Nein des Bundesrats, das Cannabisgesetz zu stoppen","[{""text4"":""Die weit rechts stehenden Konservativen haben sich am Ende verzockt: Der Bundesrat ließ am Freitag doch das Cannabisgesetz passieren und zwei weitere Ampel-Vorhaben obendrein. Ein etwas überraschender Ausgang wochenlangen Taktierens.""},{""text4"":""Das Cannabisgesetz war einflussreichen CDU/CSU-Politikern wie Friedrich Merz, Markus Söder und Michael Kretschmer ein rotes Tuch. Wie die allzu deutlichen Äußerungen zeigten, nach einer Anrufung des Vermittlungsausschusses das Gesetz zu beerdigen, haben sie die Lage falsch eingeschätzt: Den meisten Kritikern ging es um Detailänderungen, die der Gesundheitsminister zusicherte. Wir leben nicht mehr in der Ära Kohl mit ihrem ultrakonservativen Gesellschaftsmodell. Cannabis zu kriminalisieren, während es für den schädlicheren Alkohol kaum Beschränkungen gibt, ist veraltet.""},{""text4"":""Auch bei den anderen Gesetzen scheiterte Fundamentalopposition. Dass Transparenz für Patienten im Klinik-Urwald weiteren Krankenhausschließungen den Weg bereitet, war nicht überzeugend. Und ausgerechnet CDU-nahe Arbeitgeberverbände drängten die Union, die Steuererleichterungen für Firmen nicht zu blockieren.""},{""text4"":""Dass die Ampel einen ihrer seltenen Erfolgstage nicht gerade ausgelassen feierte, hat ebenfalls gute Gründe: Die eigentliche Krankenhausreform ist so unsicher wie zuvor, das Gemaule der Unternehmerverbände über zu geringe Förderung einschließlich Bauernprotesten geht weiter, und das beschlossene Cannabisgesetz ist höchstens ein erster Schritt.""}]",""
"1717532242-11","https://www.nd-aktuell.de/artikel/1181078.cannabis-freigabe-teil-legalisierung-verfolgung-aus-gewohnheit.html?sstr=","Kommentare
	Cannabis-Freigabe","Teil-Legalisierung - Verfolgung aus Gewohnheit","Die Cannabis-Freigabe bietet Einsparpotenziale","[{""text4"":""Die Cannabis-Freigabe, die ab kommenden Montag in Kraft tritt, soll die Polizei vor »erhebliche Probleme« stellen. Das zumindest sagte Innensenatorin Iris Spranger (SPD) am Mittwoch der dpa. »Aber es ist doch ein erheblicher Aufwand für die Polizei und die Strafverfolgung und Verkehrssicherheit.« Begründet sein soll dieser Mehraufwand mit der Kontrolle der Abstandsregeln von Schulen, Kitas und Spielplätzen.""},{""text4"":""Noch nicht vollstreckte Strafen wegen Cannabis-Delikten, die in Zukunft nicht mehr strafbar sind, müssen erlassen werden. Schon vor einer Woche hatte Justizsenatorin Felor Badenberg (parteilos) deshalb in dasselbe Horn wie Spranger geblasen: Die Überprüfung der Verfahren werde die Justiz lahmlegen, so Badenberg im Interview dem ARD-Politikmagazin »Kontraste«. Wo kommen wir auch hin wenn die Justiz nicht bestraft, sondern Bestrafungen aufhebt?""},{""text4"":""Die Verfolgung von Kiffer*innen scheint der Polizei und Justiz ein lieb gewordenes Beschäftigungsfeld zu sein, von dem man sich nicht ohne Weiteres trennen möchte. Vielleicht sind solche Beschwerden aus dem Sicherheits- und Justizapparat aber auch Gewohnheit, ein einstudierter Reflex, den man nicht allzu ernst nehmen sollte.""},{""text4"":""Wenn nicht jede*r mit einem Joint in der Hand fürchten muss, von der Polizei kontrolliert zu werden, wird das garantiert zu weniger Aufwand führen. Sowohl bei den dann nicht mehr kontrollierenden Polizist*innen als auch bei den Staatsanwaltschaften. Vielleicht ein Anlass darüber nachzudenken, auch dort ein paar Stellen zu sparen, statt gewohnheitsmäßig im sozialen Bereich.""}]",""
