web-scraper-order,web-scraper-start-url,text1,text2,text3,text4,eine_seite,eine_seite-href,text5
"1717598975-1","https://www.zeit.de/politik/deutschland/2024-04/selbstbestimmungsgesetz-transgender-ampelkoalition-reformen-cannabis","Z+ (abopflichtiger Inhalt);
        
    
Selbstbestimmungsgesetz","Kleine Fortschritte sind manchmal besser","Trans-Rechte, echte Doppelnamen, Cannabis: Gut, dass die Ampel endlich ein paar Gesellschaftsreformen anpackt! Doch dabei muss sie auf die Stimmung im Land achten.","[{""text4"":""Nach zweieinhalb Jahren Stillstand hat die Ampelregierung endlich doch noch einige ihrer versprochenen Gesellschaftsreformen verabschiedet: Schon seit Anfang des Monats sind Besitz und Anbau von kleinen Mengen Cannabis legal. Ab Juni haben Menschen, die den deutschen Pass beantragen, grundsätzlich die Option der doppelten Staatsbürgerschaft.""},{""text4"":""Und am Freitag hat die Regierung im Bundestag zwei weitere wichtige Reformen beschlossen: Zum 1. November tritt das so viel diskutierte Selbstbestimmungsgesetz in Kraft. Trans Personen können dann ganz einfach und selbstbestimmt ihren Geschlechtseintrag auf dem Amt ändern. Der Bundestag beendet damit die langjährige Diskriminierung der Betroffenen. Denn die mussten sich für eine Änderung ihres Eintrags bisher von zwei Psychologen begutachten lassen.""},{""text4"":""Ebenso überfällig war die Reform des Namensrechts: Wer heiratet oder ein Kind bekommt, kann ab 2025 freier den Nachnamen auswählen, auch unverheiratete Paare können ihrem Kind künftig einen gemeinsamen Doppelnamen geben.""},{""text4"":""Endlich wird Deutschlands piefiges Gesellschafts- und Familienrecht also etwas modernisiert. Das ist gut und notwendig, schließlich ist der Alltag von Millionen von Menschen oft viel bunter, als es die Gesetzeslage oder auch das Klischee des spießigen Deutschen nahelegen. Und für die Betroffenen ist das ein Riesenschritt, der ihr Leben erleichtert. Denn endlich bilden auch die Gesetze ihr Leben ab.""},{""text4"":""Die Ampel löst mit den Reformen auch ihr Gründungsversprechen ein, das sie sogar zum Titel des Koalitionsvertrags gemacht hat: \""Mehr Fortschritt wagen\"".  Lange, sehr lange hat es gedauert. Zuletzt sah es oft nicht danach aus, dass die Ampel wirklich eine Fortschrittskoalition sein kann.""},{""text4"":""Und tatsächlich bleiben die großen Reformversprechen auch nur teilweise erfüllt. Von einem staatlich bezahlten Väterurlaub nach der Geburt ist keine Rede mehr. Beim Abstammungsrecht, also der gleichberechtigten Mutterschaft für lesbische Paare, gibt es bisher nur eine erste Skizze für eine Reform. Ebenfalls nur grobe Ideen hat Bundesjustizminister Marco Buschmann (FDP) für das Modell der Wahlfamilien (Verantwortungsgemeinschaft) vorgestellt, also der rechtlichen Absicherung von platonischen Lebensgemeinschaften ähnlich wie bei der Ehe. Und auch die Reform des Unterhaltsrechts kommt wegen unterschiedlicher Ansichten in der Koalition nicht voran. Gut möglich, dass aus all diesen versprochenen Reformen in dieser Legislaturperiode nichts mehr wird. Und wahrscheinlich schließt sich nach der nächsten Bundestagswahl das Zeitfenster, weil dann mit der Union Kritiker dieser Modernisierungsideen regieren könnten.""},{""text4"":""Viele könnten deswegen enttäuscht sein, dass die Koalition jetzt offenbar auch keine Anstrengungen mehr unternehmen wird, den Paragrafen 218 Strafgesetzbuch abzuschaffen, der das Verbot von Schwangerschaftsabbrüchen vorsieht. Und das, obwohl eine von der Regierung eingesetzte Kommission gerade empfohlen hat, Schwangerschaftsabbrüche in den ersten drei Monaten straffrei zu stellen. Kann man wirklich Fortschrittskoalition sein, wenn man Schwangerschaftsabbrüche nicht aus dem Strafgesetz holt?""},{""text4"":""Ja, man kann. Denn für Zurückhaltung gibt es gute Gründe. Schon zweimal hat das Bundesverfassungsgericht Versuche unterbunden, den Schwangerschaftsabbruch straffrei zu stellen. Das Grundgesetz kennt eben nicht nur das Recht auf Unversehrtheit der Mutter, sondern auch das Recht auf Leben des ungeborenen Kindes. Und der Kompromiss des Paragrafen 218 – ein Abbruch ist verboten, wird aber unter bestimmten Umständen straffrei gestellt – hat all die Jahre funktioniert: Frauen, die in Deutschland eine ungewollte Schwangerschaft beenden wollen, können dies heute meist ohne große Hindernisse tun.""},{""text4"":""Es wäre auch strategisch klug und geboten, das Thema Schwangerschaftsabbrüche in diesem aufgeheizten Wahljahr nicht mehr aufzumachen. Denn die Stimmung im Land ist schlecht. Ob Cannabis, Rechte für trans Personen oder Staatsbürgerschaft: Der politische Widerstand gegen die Vorhaben ist groß und die Debatte wurde oft bereits von Beginn mit vergifteten Argumenten, aber auch mit massiven Unwahrheiten geführt. Schon jetzt kämpft die Ampel mit dem Vorwurf, sie kümmere sich nur allzu gern um Minderheitenpolitik und trete den Normalos vor allem mit überheblicher Moral entgegen, statt sich um deren Probleme (Inflation, Geldsorgen, Kriegsangst) zu kümmern.""},{""text4"":""Diese Klage ist bis in die Mitte der Gesellschaft hinein weitverbreitet, wie auch eine neue Umfrage der Bertelsmann-Stiftung wieder beweist: Die Menschen fühlen sich angesichts eines hohen \""Veränderungsdrucks\"" in der Gesellschaft von der Regierung im Stich gelassen – und öffnen sich vermehrt gegenüber einem \""rechtspopulistischen Agendasetting\"", schreiben die Autoren.""},{""text4"":""Die Ampel sollte mit einem Vorstoß zur Abschaffung des Paragrafen 218, den sie ohnehin wohl nicht durchsetzen kann, der AfD nicht weitere Wahlkampfmunition liefern. Denn wenn erst mal die Rechten die Hegemonie haben, dann ist es mit der bunten Gesellschaft schnell vorbei. Niemand will Verhältnisse wie in Amerika, wo Frauen in vielen Regionen gar keine Möglichkeit mehr haben, eine ungewollte Schwangerschaft zu beenden. Und wo der Bundesstaat Arizona, auch als Reaktion auf den vermeintlich zu liberalen Zeitgeist, gerade ein absolutes Verbot von 1864 wieder reaktivierte.""},{""text4"":""Oft ist es so, dass gesellschaftliche Pionierarbeit nur in Trippelschritten vorankommt. Immer sollte sie versuchen, auch Kritikerinnen und Kritiker mitzunehmen.""},{""text4"":""Auch die Enttäuschten, denen die Ampel mit ihrer Reformpolitik zu zögerlich vorgeht, sollten der Ampel daher zugestehen: Sie hat an vielen Stellen wichtige Grundlagenarbeit geleistet. Abstammungsrecht, Unterhaltsrecht, Verantwortungsgemeinschaft: Selbst wenn einige dieser Reformen nicht mehr beschlossen werden, die Themen werden bleiben und nun haben Beamte eines Ministeriums immerhin ernsthaft erste Konzepte erarbeitet. Auf denen im besten Fall irgendwann andere aufbauen können.""},{""text4"":""Umstrittene Gesellschaftsreformen brauchen solche Grundlagenarbeit, auf die dann eine gesellschaftliche Diskussion und oftmals eben auch viel Überzeugungsarbeit folgen muss. Das geht nicht von heute auf morgen.""}]","","","Die Ampel hat den Anspruch, Deutschland zu modernisieren. Sie tut das gegen teils massive Widerstände."
"1717598978-2","https://www.zeit.de/politik/deutschland/2024-05/bundesrat-billigt-selbstbestimmungsgesetz-geschlechtseintrag-transgender","Z+ (abopflichtiger Inhalt);
        
    
Selbstbestimmungsgesetz","Bundesrat billigt erleichterte Änderung des Geschlechtseintrags","Nach dem Bundestag hat auch der Bundesrat dem Selbstbestimmungsgesetz zugestimmt. Künftig genügt eine Erklärung vor dem Standesamt, um den Geschlechtseintrag zu ändern.","[{""text4"":""Volljährige transidente, intergeschlechtliche und nicht binäre Menschen können künftig mit einer einfachen Erklärung beim Standesamt ihren Geschlechtseintrag ändern lassen. Grundlage dafür ist das neue Selbstbestimmungsgesetz, das der Bundesrat abschließend gebilligt hat.""},{""text4"":""Bei Kindern unter 14 Jahren sollen die Eltern die nötige Erklärung beim Standesamt einreichen können. Jugendliche ab 14 Jahren können dies selbst tun, allerdings nur mit Einverständnis der Eltern. In beiden Fälle ist aber eine Erklärung über eine vorherige Beratung notwendig.""},{""text4"":""Eine Begrenzung, wie oft der Geschlechtseintrag geändert werden kann, gibt es nicht. Allerdings soll es eine Sperrfrist von einem Jahr geben – erst danach ist eine erneute Änderung möglich. Für das Inkrafttreten der Änderung des Geschlechtseintrags gilt eine Dreimonatsfrist.""},{""text4"":""Die für eine Änderung verlangte \""Erklärung mit Eigenversicherung\"" erfordert keine\nGutachten und wird nicht gerichtlich überprüft. Sie ist\n unabhängig davon, inwieweit sich der oder die Betroffene zu \ngeschlechtsangleichenden medizinischen Eingriffen entscheidet. \nBetroffene müssen lediglich erklären, dass die beantragte Änderung ihrer\n Geschlechtsidentität am besten entspricht.""},{""text4"":""Das Selbstbestimmungsgesetz ersetzt das umstrittene Transsexuellengesetz. Die bisherige Regelung aus dem Jahr 1980 hatte \nvorgesehen, dass Betroffene für eine Änderung des Geschlechts- oder \nVornamenseintrags zwei psychologische Gutachten einreichen müssen. Am \nEnde entschied dann das zuständige Amtsgericht. Teile der Vorschriften \nwurden aber inzwischen vom Bundesverfassungsgericht verworfen. \nBetroffene empfanden die bisherigen Regelungen vielfach als langwierig,\n teuer, erniedrigend und diskriminierend – sie sprechen von einer \n\""psychiatrischen Zwangsbegutachtung\"".""},{""text4"":""Das neue Gesetz ist ein Koalitionsvorhaben der Ampelregierung. Der Bundestag verabschiedete es im April, eine Zustimmung des Bundesrats war nicht dafür notwendig. Das Gesetz tritt zum 1. November 2024 in Kraft. Ab dem 1. August können betreffende Personen sich beim Standesamt für eine Änderung des Geschlechtseintrags und Vornamens anmelden.""},{""text4"":""Transidente oder transgeschlechtliche sind Menschen, die sich nicht mit dem Geschlecht \nidentifizieren, das ihnen bei der Geburt zugewiesen wurde. Als \nintergeschlechtlich werden Menschen bezeichnet, die körperliche \nGeschlechtsmerkmale haben, die nicht ausschließlich männlich oder \nweiblich sind. Unter nicht binär werden Menschen verstanden, die sich \nselbst nicht in die gängige Geschlechtseinteilung in Frau/Mann einordnen.""}]","","","Ab dem 1. November löst das Selbstbestimmungsgesetz das sogenannte Transsexuellengesetz ab. Betroffene kritisierten das Gesetz aus den Achtzigerjahren vielfach als diskriminierend."
"1717598981-3","https://www.zeit.de/gesellschaft/2024-03/selbstbestimmungsgesetz-ampelkoalition-bundestag-trans-community-5vor8","Z+ (abopflichtiger Inhalt);
        
    
Fünf vor 8:00 / Ampelkoalition","Ein Selbstbestimmungsgesetz, geformt von Misstrauen und Hetze","Nach der ersten Bundestagsdebatte stockt das Selbstbestimmungsgesetz. Mal wieder. Die Ampel sollte die Zeit nutzen, um endlich auf die Einwände der Community einzugehen.","[{""text4"":""Trans Menschen warten schon mehr als 40 Jahre auf ein Ende ihrer Bevormundung durch den deutschen Staat. Was machen da ein paar Monate mehr bis zum Selbstbestimmungsgesetz noch für einen Unterschied, könnte man meinen. Schon Mitte November hat die erste Lesung des Gesetzes im Bundestag stattgefunden. Seitdem ist wenig nach außen gedrungen. Man verhandle noch über einzelne Punkte, heißt es. Nächster Termin ungewiss.""},{""text4"":""Aber es geht hier nicht nur um Geduld. Die Autorin und trans Frau Nora Eckert hat kürzlich das Dilemma für trans Menschen sehr treffend beschrieben: So wie der Entwurf für das Selbstbestimmungsgesetz momentan aussieht, geformt von Misstrauen und Hetze, wollen es viele gar nicht haben. Und gleichzeitig brauchen sie es dringend, weil die Alternative – das Transsexuellengesetz zu behalten – keine ist.""},{""text4"":""Bestimmten im Sommer noch angebliche Bedrohungsszenarien in Frauensaunen die Diskussion, geht es für die CDU/CSU mittlerweile vor allem um den vermeintlich unzureichenden Schutz von Kindern und Jugendlichen. Die Union fordert eine Beratungspflicht für Minderjährige, bevor diese ihren Vornamen und Geschlechtseintrag ändern. Das Selbstbestimmungsgesetz verleite diese vulnerable Gruppe, pubertären Unsicherheiten mit einer rechtlichen Änderung des Geschlechtseintrags zu begegnen, sagte die stellvertretende Unionsfraktionsvorsitzende Dorothee Bär (CSU) bei der Bundestagsdebatte.""},{""text4"":""Bär verkennt dabei, dass zwischen dem inneren und äußeren Coming-out von trans Personen mehrere Jahre liegen (PDF). Dass sich Jugendliche aus einer Laune heraus für einen Weg entscheiden, der noch immer mit starker Diskriminierung einhergeht, ist weder naheliegend noch empirisch belegt.""},{""text4"":""Der Queerbeauftragte der Bundesregierung, Sven Lehmann (Grüne), hat den Vorstoß der Union als nicht erforderlich zurückgewiesen. Es sei davon auszugehen, dass die betreffenden Jugendlichen und ihre Eltern ohnehin Unterstützung in Anspruch nehmen. Diese Angebote wolle man ausbauen, aber nicht verpflichtend machen. Lehmanns Entgegnung ist Teil einer Antwort auf 92 Fragen, die CDU/CSU Anfang des Jahres an die Bundesregierung zum Selbstbestimmungsgesetz gestellt haben. Sie strotzen vor mutwilliger Unwissenheit: So dreht sich eine ganze Reihe der Fragen um medizinische Behandlungen wie Pubertätsblocker und geschlechtsangleichende Operationen. Ein Bereich, der vom Selbstbestimmungsgesetz überhaupt nicht berührt wird. Konstruktive Oppositionsarbeit, \""im Sinne der Kinder und Jugendlichen\"" wie Bär betonte, sieht anders aus.""},{""text4"":""Der Bundesjustizminister Marco Buschmann (FDP) verteidigt zwar das Gesetz gegen die Vorwürfe, es handle sich hier um Identitätspolitik. Die überfällige Besserstellung von trans Menschen wird ihm zufolge nicht zulasten anderer gehen. Seine Worte helfen aber nur bedingt, wenn der bisherige Entwurf für das Selbstbestimmungsgesetz trans Menschen dann doch unter Verdacht stellt. Es ist sehr deutlich erkennbar, wie darin auf mehrere, immer wieder vorgebrachte Bedenken und vermeintliche Ängste aus der Bevölkerung eingegangen wurde.""},{""text4"":""Da wäre der Hausrechtsparagraf, der nur noch einmal betont, was ohnehin klar ist: Natürlich gilt in Einrichtungen wie Frauensaunen das Hausrecht der Betreiber. Eine Person, die sich nicht an die dort geltenden Regeln hält oder andere belästigt, darf verwiesen werden. Wenn dieses Hausrecht für trans Personen aber explizit gemacht wird, werden sie pauschal verdächtigt. Menschen dürfen nicht allein aufgrund ihrer Geschlechtsidentität ausgeschlossen werden. Das wäre Diskriminierung.""},{""text4"":""So überflüssig diese Passage im Entwurf auch ist: Es ist nicht damit zu rechnen, dass der Hausrechtsparagraf noch verschwindet, zu groß wurde dieses Thema in der Debatte gemacht. Ein Zurückrudern wäre ein erheblicher Gesichtsverlust für die Ampelparteien.""},{""text4"":""Bessere Chancen könnte es bei einem anderen Punkt geben, der vielen trans Menschen besonders Angst macht: Vom Bundeskriminalamt und dem Verfassungsschutz bis zum Zoll soll dem gesamten Sicherheitsapparat gemeldet werden, wenn eine Person ihren Geschlechtseintrag ändert. Automatisch und anlasslos.""},{""text4"":""Das Bundesinnenministerium hatte darauf gedrängt, mit der Begründung, Kriminelle könnten sich mithilfe des Selbstbestimmungsgesetzes einer Strafverfolgung entziehen und untertauchen. Rechtsexperten (PDF) sprechen von einer Missachtung der Grundrechte queerer Menschen, der Bundesdatenschutzbeauftragte (PDF) zweifelt an der Verhältnismäßigkeit. Und auch der Bundesrat (PDF), der beim Selbstbestimmungsgesetz nicht zustimmungspflichtig ist, aber Empfehlungen gegeben hat, fordert, diese Passage zu streichen.""},{""text4"":""Es wäre gleichzeitig naiv, zu behaupten, dass das Selbstbestimmungsgesetz nur trans Menschen angeht. Wenn eines in den vergangenen Monaten deutlich geworden ist, dann wie sehr dieses Gesetz an vermeintlichen Gewissheiten vieler Menschen rüttelt. Aber: Zwischen männlich und weiblich erstreckt sich ein ganzes Spektrum. Geschlecht ist mehr als bestimmte körperliche Merkmale. Es wäre die Aufgabe der Regierung, im Gesetz und in der öffentlichen Kommunikation darüber, mehr Wissen über den Stand der Forschung und die tatsächliche Lebensrealität von trans Menschen zu schaffen, um Bedenken und Misstrauen zu begegnen. Stattdessen hat sie Regelungen aufgenommen, die trans Menschen als potenziell gefährlich für die Allgemeinheit stigmatisieren.""},{""text4"":""Bleibt zu hoffen, dass die Ampelparteien die Zeit bis zum Bundestagsbeschluss dafür nutzen, doch noch auf die berechtigten Sorgen und Einwände der Community einzugehen. Damit am Ende nicht nur die entwürdigenden Gutachten wegfallen, die trans Menschen bisher vor der Änderung des Geschlechtseintrags benötigen. Sondern ein Selbstbestimmungsgesetz steht, das seinen Namen auch verdient.""}]","","",""
"1717598984-4","https://www.zeit.de/politik/deutschland/2024-04/selbstbestimmungsgesetz-abstimmung-bundestag-queerbeauftragter-sven-lehmann","Z+ (abopflichtiger Inhalt);
        
    
Transidentität","Queerbeauftragter wirbt für Zustimmung zu Selbstbestimmungsgesetz","Am Freitag soll der Bundestag final über erleichterte Änderungen des Geschlechtseintrags abstimmen. Befürchtungen des Missbrauchs hält Sven Lehmann für unbegründet.","[{""text4"":""Einen Tag vor der entscheidenden Beratung im Bundestag hat der Queerbeauftragte der Bundesregierung, Sven Lehmann (Grüne), für eine breite Zustimmung zum Selbstbestimmungsgesetz geworben. Es sei ein überfälliges Gesetz, das \""trotz einer sehr aufgeheizten Debatte und gezielten Desinformationskampagnen\"" aus der Breite der Gesellschaft große Unterstützung erfahre, sagte Lehmann.""},{""text4"":""Inzwischen hätten 15 Länder weltweit ein solches Gesetz und \""gute Erfahrungen damit gemacht\"". Argentinien habe beispielsweise seit mehr als zehn Jahren ein Gesetz, das trans Menschen mehr Recht auf Selbstbestimmung einräume. \""Ängste und Befürchtungen des Missbrauches\"", die bisweilen vorgebracht würden, seien dort nicht eingetreten, sagte Lehmann.""},{""text4"":""Das Selbstbestimmungsgesetz soll am Freitag im Bundestag final beraten und verabschiedet werden. Es sieht Erleichterungen zur Änderung von Geschlechtseinträgen vor. Künftig sollen Menschen ihren Geschlechtseintrag und Vornamen per Erklärung gegenüber dem Standesamt ändern können. Die bisherige Pflicht, eine ärztliche Bescheinigung dafür vorzulegen, soll wegfallen. Mit dem neuen Selbstbestimmungsgesetz soll das bislang geltende Transsexuellengesetz abgelöst werden.""},{""text4"":""Laut Lehmann verletzt das Transsexuellengesetz die Würde des Menschen. Es widerspreche auch dem Recht auf Selbstbestimmung, denn bisher würden fremde Menschen wie Richterinnen und Therapeuten über das Schicksal und die Anerkennung von transgeschlechtlichen Menschen entscheiden, sagte Lehmann. Die freie Entfaltung der Persönlichkeit, die Achtung der Privatsphäre und die Nichtdiskriminierung gehörten zu gesetzlich garantierten Rechten. Mit dem Selbstbestimmungsgesetz solle dies auch für transgeschlechtliche, intergeschlechtliche und nicht binäre Menschen gelten. \""Die Betroffenen warten seit Jahrzehnten darauf\"", sagte Lehmann.""},{""text4"":""Nach den aktuell geltenden Regeln müssen sich Menschen, die ihren Geschlechtseintrag ändern lassen wollen, einem langwierigen und kostspieligen Verfahren unterziehen. Verbände, die die Rechte von trans Menschen vertreten, kritisieren das Prozedere seit Jahren als demütigend und begrüßen die neue Gesetzesinitiative. Kritik am geplanten Gesetz kommt unter anderem von AfD und Union. Sie befürchten, dass Geschlechtseinträge dadurch künftig willkürlich geändert werden könnten.""}]","","","Wer seinen Geschlechtseintrag ändern will, soll dafür künftig keine ärztliche Bescheinigung mehr brauchen."
"1717598986-5","https://www.zeit.de/politik/deutschland/2024-04/transidentitaet-bundestag-selbstbestimmungsgesetz-sven-lehmann","Z+ (abopflichtiger Inhalt);
        
    
Transidentität","Bundestag stimmt über Selbstbestimmungsgesetz ab","Trans Menschen sollen nach dem Willen der Ampelkoalition ihren Geschlechtseintrag künftig leichter ändern können. Der Queerbeauftragte hält die Reform für überfällig.","[{""text4"":""Der Queerbeauftragte der Bundesregierung, Sven Lehmann, verspricht trans Personen deutliche Erleichterungen durch das geplante Selbstbestimmungsgesetz, über das der Bundestag an diesem Freitag abstimmt. Die vereinfachte Änderung des Geschlechtseintrags werde \""das Leben von transgeschlechtlichen, intergeschlechtlichen und nicht binären Menschen spürbar erleichtern und verbessern\"", sagte er dem RedaktionsNetzwerk Deutschland.""},{""text4"":""Das Selbstbestimmungsgesetz soll das seit 1980 existierende Transsexuellengesetz ersetzen. Den trans und intergeschlechtlichen Menschen soll laut \nEntwurf die Änderung von Namen und Geschlechtseintrag erleichtert \nwerden. Bisher waren zwei psychiatrische Gutachten sowie ein \nGerichtsbeschluss nötig. Mit dem Selbstbestimmungsgesetz soll nur noch \neine einfache Erklärung bei einem Standesamt notwendig sein.""},{""text4"":""Mit dem neuen Gesetz behandele der Staat transgeschlechtliche Menschen endlich als mündige Menschen, sagte Lehmann. Die bisherige Rechtslage sei dagegen diskriminierend gewesen: \""Nach Transsexuellengesetz werden Menschen, die ihren falschen Geschlechtseintrag korrigieren möchten, vom Staat heute noch so behandelt, als wären sie krank.\"" Diese staatlich verordnete Bevormundung und Fremdbestimmung müsse beendet werden, sagte der Grünenpolitiker.""},{""text4"":""Es sei ein überfälliges Gesetz, das \""trotz einer sehr aufgeheizten Debatte und gezielten Desinformationskampagnen\"" aus der Breite der Gesellschaft große Unterstützung erfahre, sagte Lehmann. Inzwischen hätten 15 Länder weltweit ein solches Gesetz und \""gute Erfahrungen damit gemacht\"". Argentinien habe beispielsweise seit mehr als zehn Jahren ein Gesetz, das trans Menschen mehr Recht auf Selbstbestimmung einräume. \""Ängste und Befürchtungen des Missbrauches, die bisweilen vorgebracht werden, sind dort nicht eingetreten\"", sagte Lehmann.""}]","","","Die Parade zum Christopher Street Day im July 2023 in Berlin."
"1717598989-6","https://www.zeit.de/politik/2024-04/selbstbestimmungsgesetz-bundestag-abstimmung-nachrichtenpodcast","","","Der Bundestag stimmt über das Selbstbestimmungsgesetz und Namensrecht ab. Und: Gericht in Arizona erklärt 160 Jahre altes Gesetz zu Schwangerschaftsabbrüchen für gültig.","[{""text4"":""Der Bundestag will am Freitag über zwei gesellschaftliche Reformen abstimmen: Das Selbstbestimmungsgesetz soll Bürgerinnen und Bürgern ermöglichen, ihren Geschlechtseintrag und Vornamen durch Selbstauskunft beim Standesamt anzupassen. Außerdem geplant ist eine Änderung des Namensrechts. Sollte sich der Vorschlag von Bundesjustizminister Marco Buschmann (FDP) durchsetzen, dürfen Ehepartner künftig einen aus beiden Familiennamen zusammengesetzten Doppelnamen führen. Damit will die Ampelkoalition – zumindest teilweise – ihr Antrittsversprechen einlösen, Deutschlands Gesellschaft- und Familienrecht zu modernisieren. Welche Vorhaben dagegen auf der Strecke geblieben sind, darüber spricht Lisa Caspari, Redakteurin für Innenpolitik bei ZEIT ONLINE, im Podcast.""},{""text4"":""Das oberste Gericht des US-Bundesstaats Arizona hat ein 160 Jahre altes Gesetz gegen Schwangerschaftsabbrüche wieder für gültig erklärt. Dieses sieht unter anderem eine Freiheitsstrafe von bis zu fünf Jahren für Ärztinnen und Ärzte vor, die einen Abbruch vornehmen. Kritik kam überraschend von Donald Trump. Er hatte sich während seiner Amtszeit als US-Präsident erfolgreich dafür eingesetzt, das national geltende Recht auf Schwangerschaftsabbrüche zu kippen. Seitdem liegt die Gesetzgebung in den Händen der einzelnen Bundesstaaten. Wie es zu dem Urteil in Arizona kam und welche Rolle das Thema bei den kommenden Präsidentschaftswahlen in den USA spielen könnte, berichtet Korrespondentin Johanna Roth aus Washington, D. C.""},{""text4"":""Und sonst so? Umarmungen können wie Medizin wirken.""},{""text4"":""Moderation und Produktion: Hannah Grünewald""},{""text4"":""Redaktion: Helena Schmidt""},{""text4"":""Mitarbeit: Susanne Hehr und Clara Löffler""},{""text4"":""Alle Folgen unseres Podcasts finden Sie hier. Fragen, Kritik, Anregungen? Sie erreichen uns unter wasjetzt@zeit.de.""}]","","",""
"1717598992-7","https://www.zeit.de/politik/deutschland/2024-04/bundestag-beschliesst-selbstbestimmungsgesetz","Z+ (abopflichtiger Inhalt);
        
    
Geschlechtseintrag","Bundestag beschließt Selbstbestimmungsgesetz","Das umstrittene Transsexuellengesetz ist abgelöst. Ab 1. November gilt das Selbstbestimmungsgesetz, mit dem Geschlechtseinträge leichter geändert werden können.","[{""text4"":""Der Bundestag hat nach einer emotionalen Debatte mehrheitlich für das neue Selbstbestimmungsgesetz gestimmt. Das bislang geltende Transsexuellengesetz ist damit Geschichte.""},{""text4"":""Das Plenum stimmte in namentlicher Abstimmung mehrheitlich\nfür das Gesetz, mit dem die Änderung von Geschlechtseinträgen auf dem Amt\nkünftig deutlich leichter werden soll als bisher. Bei insgesamt 636 abgegebenen\nStimmen votierten 374 Abgeordnete für das Gesetz. Mit Nein stimmten 251, elf\nAbgeordnete enthielten sich. Unterstützung für das Gesetz der Koalition kam aus\nder Gruppe Die Linke. Union, AfD und das Bündnis Sahra Wagenknecht (BSW)\nlehnten eine Zustimmung klar ab. Das neue Gesetz gilt ab dem 1. November, der Bundesrat muss diesem nicht zustimmen.""},{""text4"":""Das Selbstbestimmungsgesetz erleichtert es trans-,\nintergeschlechtlichen und nicht binären Menschen, ihren Geschlechtseintrag\nund ihren Vornamen im Personenstandsregister ändern zu lassen. Dabei soll in\nZukunft eine einfache Erklärung beim Standesamt ausreichen, um diese Änderung\nvorzunehmen. Dazu muss versichert werden, dass der gewählte Geschlechtseintrag\nder Geschlechtsidentität am besten entspricht. Bisher mussten Betroffene dafür ein langwieriges und\nkostspieliges Verfahren mit Sachverständigengutachten durchlaufen.""},{""text4"":""Für Minderjährige bis 14 Jahren müssen die Sorgeberechtigten\nkünftig eine Änderungserklärung abgeben. Ab 14 Jahren können Minderjährige die Änderung\nselbst beantragen, brauchen aber die Zustimmung der Sorgeberechtigten. Wenn\ndiese dagegen sind, soll ein Familiengericht entscheiden.""},{""text4"":""Eine Begrenzung, wie oft der Geschlechtseintrag geändert\nwerden kann, gibt es nicht. Allerdings soll es eine Sperrfrist von einem Jahr\ngeben, erst danach ist eine erneute Änderung möglich. Für das Inkrafttreten\nder Änderung des Geschlechtseintrags gilt eine Dreimonatsfrist.""},{""text4"":""Mit dem neuen Selbstbestimmungsgesetz wird das seit 40\nJahren geltende sogenannte Transsexuellengesetz abgelöst. Das\nBundesverfassungsgericht hatte die Regelungen des Gesetzes mehrfach in Teilen\nfür verfassungswidrig erklärt und auf die demütigenden Verfahren für Betroffene\nhingewiesen.""},{""text4"":""Mit den Demütigungen sei nun Schluss, sagte der\nQueerbeauftragte der Bundesregierung, Sven Lehmann, im Bundestag. Das\nTranssexuellengesetz habe genug Leid verursacht. Die Grünenabgeordnete Nyke\nSlawik, die selbst trans ist und ihren Geschlechtseintrag auf Basis der\nbisherigen Regeln ändern ließ, bedankte sich bei allen, die das neue Gesetz\nmöglich gemacht hätten. \""Als Transpersonen erleben wir immer wieder, dass\nunsere Würde zur Verhandlungssache gemacht wird\"", sagte sie. Damit sei nun\nSchluss.""},{""text4"":""Aus der Opposition kam Kritik. Die CDU-Abgeordnete Mareike\nWulf (CDU) warf der Regierungskoalition vor, dass mit dem Gesetz künftig jeder\nBürger seinen Geschlechtseintrag auf dem Amt ändern lassen könne, ohne dafür\neine nähere Begründung zu nennen. Die AfD fand teils drastische Worte. \""Jeder\nsoll plötzlich irgendwie alles sein können\"", rief der Abgeordnete Martin\nReichardt. Er sprach von \""ideologischem Unfug\"" und von \""Transextremisten\"". Es\nsei ein \""aberwitziges Gesetz\"", das seine Fraktion vollumfänglich ablehne.""}]","","","Geschlechtseinträge können künftig einfacher geändert werden: Grundlage dafür ist das neue Selbstbestimmungsgesetz."
"1717598994-8","https://www.zeit.de/gesellschaft/2024-04/selbstbestimmungsgesetz-bundestag-trans-geschlechtsidentitaet","Z+ (abopflichtiger Inhalt);
        
    
Selbstbestimmungsgesetz","Jetzt entscheiden trans Menschen selbst","Der Bundestag stärkt nach kontroversen Debatten die Rechte von trans Personen. Was für Minderjährige gilt und welcher Punkt im Sinne vieler Betroffener gestrichen wurde.","[{""text4"":""Lange wurden trans Menschen vom deutschen Staat wie Kranke behandelt. Das wird sich in diesem Herbst ändern: Der Bundestag hat am Freitag das Selbstbestimmungsgesetz verabschiedet, zum 1. November 2024 soll es in Kraft treten. Das Gesetz ermöglicht trans, intergeschlechtlichen und nicht binären Menschen, ihren Vornamen und das Geschlecht, das im Pass eingetragen ist, leichter zu ändern. Bisher waren dafür zwei psychiatrische Gutachten nötig. Viele Betroffene empfanden diese Gutachten als entwürdigend und mussten die rund 2.000 Euro dafür selbst zahlen. Fortan reicht für einen geänderten Geschlechtseintrag eine einfache Selbstauskunft vor einem Standesamt.""},{""text4"":""Deutschland erkennt damit an: Nur die Person selbst kann wissen, wer sie ist. Und deshalb wird der Staat künftig darauf verzichten, die Geschlechtsidentität eines Menschen von Dritten prüfen zu lassen.""},{""text4"":""Der Queerbeauftragte der Bundesregierung, Sven Lehmann (Grüne), bezeichnete das Gesetz in seiner Rede im Bundestag als zutiefst liberal und feministisch. \""Es beendet die staatliche Bevormundung von Menschen und stärkt ihre Persönlichkeitsrechte\"", sagte Lehmann. \""Transgeschlechtliche Menschen sind zuallererst Menschen.\"" Eine Zustimmung des Bundesrates zu dem Gesetz ist nicht erforderlich.""},{""text4"":""Das Selbstbestimmungsgesetz löst das Transsexuellengesetz (TSG) von 1980 ab, das über die Jahre in mehreren Entscheidungen des Bundesverfassungsgerichts in Teilen als verfassungswidrig eingestuft wurde. So sah das TSG zum Beispiel ursprünglich vor, dass sich eine Person, die ihren Geschlechtseintrag ändern lassen wollte, sterilisieren lassen musste. Außerdem musste sie ihren Körper zwingend dem anderen Geschlecht operativ angleichen. War die Person verheiratet, musste sie sich scheiden lassen. So sollten gleichgeschlechtliche Ehen – in Deutschland erst seit 2017 möglich – verhindert werden.""},{""text4"":""Ursprünglich hatten Bundesfamilienministerin Lisa Paus (Grüne) und Bundesjustizminister Marco Buschmann (FDP) angekündigt, Menschen zu entschädigen, die das TSG-Verfahren noch unter diesen Vorgaben durchlaufen haben. Dazu findet sich im jetzt verabschiedeten Gesetz nichts mehr.""},{""text4"":""Das Selbstbestimmungsgesetz wurde in den vergangenen Jahren kontrovers diskutiert. Manche mahnten bis zuletzt einen möglichen Missbrauch des Gesetzes. Auf manche dieser Einwände ist die Ampelkoalition eingegangen. Verbände von und für trans Menschen kritisierten deshalb immer wieder, dass der Gesetzentwurf Misstrauen schüre und trans Menschen als Gefahr für den Rest der Gesellschaft darstelle.""},{""text4"":""Das nun verabschiedete Gesetz sieht neben einer Selbstauskunft statt psychiatrischer Gutachten im Kern folgende Regelungen vor:""},{""text4"":""Anders als immer wieder behauptet, regelt das Selbstbestimmungsgesetz keine medizinischen Behandlungen – weder für erwachsene noch für minderjährige trans Menschen. Für Kinder und Jugendliche, deren individuelle Geschlechtsidentität nicht mit dem bei der Geburt zugewiesenen Geschlecht übereinstimmt, ist aber im März 2024 eine medizinische Leitlinie erschienen. Sie soll Standards bei der Behandlung mit Pubertätsblockern und Hormonbehandlung setzen. Darin wird auch betont: Eine Transition ist hochindividuell. Nicht jede Jugendliche, die ihren Vornamen und Geschlechtseintrag ändert, möchte oder braucht Pubertätsblocker oder beginnt später eine Behandlung mit Hormonen.""},{""text4"":""So historisch das Selbstbestimmungsgesetz für Deutschland ist: Viele andere Staaten haben bereits ähnliche Regelungen, zum Beispiel Chile, Malta, Dänemark, Luxemburg, Belgien, Irland, Portugal, Spanien, Finnland, Island, Neuseeland, Norwegen, Uruguay und die Schweiz. Als erstes Land ermöglichte Argentinien 2012 die Änderung des Geschlechtseintrags durch Selbstauskunft. Die Anzahl der registrierten Fälle, in denen Menschen das Gesetz seither missbraucht haben, liegt Regierungsvertretern zufolge im einstelligen Bereich.""}]","","","Das Selbstbestimmungsgesetz ermöglicht trans, intergeschlechtlichen und nicht binären Menschen, ihren Vornamen und das Geschlecht, das im Pass eingetragen ist, leichter zu ändern."
"1717598997-9","https://www.zeit.de/politik/deutschland/2023-10/selbstbestimmungsgesetz-bundesrat-aenderungen-bundestag","Z+ (abopflichtiger Inhalt);
        
    
Gleichstellungspolitik","Bundesrat fordert Änderungen im Entwurf über Selbstbestimmungsgesetz","Das Selbstbestimmungsgesetz soll die Änderung von Geschlecht und Vornamen administrativ erleichtern. Der Bundesrat sieht in einer Formulierung ein Diskriminierungsrisiko.","[{""text4"":""Der Bundesrat hat mehrere Änderungen im Entwurf der Bundesregierung für das geplante Selbstbestimmungsgesetz vorgeschlagen. Die Länderkammer sieht durch eine Formulierung das Risiko für Diskriminierung von trans- und intergeschlechtlichen Menschen erhöht. Zudem lasse der Entwurf im Unklaren, wie die Betroffenen künftig in möglichen Justizverfahren behandelt werden.""},{""text4"":""Der Gesetzentwurf der Ampelkoalition sieht vor, dass künftig jeder Mensch in Deutschland sein Geschlecht und seinen Vornamen selbst festlegen und in einem einfacheren Verfahren ändern kann. Das soll der Gleichstellung trans- und intergeschlechtlicher sowie nicht binärer Menschen dienen. Allerdings heißt es auch in dem Gesetz, es bleibe \""etwa im Rahmen des Hausrechts weiterhin möglich (…) im Einzelfall zu differenzieren\"".""},{""text4"":""Dabei geht es beispielsweise um den Zugang von trans Personen zu Bereichen wie Frauensaunen. Dem Entwurf zufolge könnte der Zugang auch künftig, \""etwa um den Schutz der Intimsphäre oder der persönlichen Sicherheit Rechnung zu tragen\"", verwehrt werden.""},{""text4"":""Der Bundesrat sieht darin eine Verletzung des Allgemeinen Gleichbehandlungsgesetzes und fordert, dass in dem Gesetzestext auf das Benachteiligungsverbot hingewiesen wird. Auch die Antidiskriminierungsbeauftragte Ferda Ataman kritisierte Ausführungen im Entwurf, die Diskriminierung begünstigen könnten.""},{""text4"":""Zudem solle der Bundestag in einem weiteren Gesetzesverfahren prüfen, ob eine Regelung aufgenommen werden kann, die das Vorgehen der Polizei bestimmt – etwa bei Durchsuchungsmaßnahmen oder der Unterbringung von trans Personen in Gewahrsam. Es sei \""zumindest fraglich, ob es beispielsweise einer Polizeibeamtin zuzumuten ist, einen nach seinem Habitus erkennbaren Mann, welcher sich jedoch dem weiblichen Geschlecht zugehörig fühlt, zu durchsuchen\"".""},{""text4"":""Die Bundesregierung hatte den Gesetzesentwurf im August beschlossen. Das Gesetz soll im November 2024 in Kraft treten und damit das Transsexuellengesetz von 1981 ablösen. Eine Zustimmung des Bundesrats zu dem Entwurf ist nicht erforderlich. Die Abstimmung im Bundestag ist noch nicht angesetzt, der Queer-Beauftragte Sven Lehmann hält sie noch in diesem Jahr für möglich.""},{""text4"":""Die Entstehung des Gesetzes war von einer öffentlichen Debatte begleitet worden, in der unter anderem die Befürchtung ausgedrückt worden ist, die neuen Regelungen könnten missbraucht werden. Betroffene kritisierten die Vorbehalte als transphob.""},{""text4"":""Zudem bleiben viele bisherige Regelungen von dem Gesetz nicht berührt: So hat es keine Folgen für medizinische Fälle, es werden auch keine neuen Geschlechtseinträge in Ausweisdokumenten geschaffen. Sportvereine können außerdem nach wie vor selbst über die Zulassung von trans Personen zu Wettbewerben von Männern oder Frauen entscheiden.""},{""text4"":""Das bisherige Transsexuellengesetz sah vor, dass Menschen, die ihren Geschlechtseintrag ändern lassen wollen, ein langwieriges Verfahren durchlaufen, das unter anderem psychologische Gutachten einschließt. Betroffene bezeichneten das Verfahren immer wieder als teuer und entwürdigend.""}]","","",""
"1717599000-10","https://www.zeit.de/politik/deutschland/2023-08/selbstbestimmungsgesetz-geschlecht-aenderung-beschluss-faq","Z+ (abopflichtiger Inhalt);
        
    
Selbstbestimmungsgesetz","Bundestag berät über das Selbstbestimmungsgesetz","Der Entwurf zum Selbstbestimmungsgesetz wird  an diesem Mittwoch erstmals im Bundestag debattiert. Worüber wird gestritten? Alle wichtigen Punkte im Überblick","[{""text4"":""Für viele war es ein historischer Tag, als die Bundesregierung das Selbstbestimmungsgesetz im August auf den Weg brachte. Es soll das 40 Jahre alte, in Teilen verfassungswidrige, sogenannte Transsexuellengesetz ablösen – und neu regeln, unter\nwelchen Voraussetzungen trans, inter und nicht binäre Menschen\nihren Geschlechtseintrag und ihren Vornamen ändern lassen können. Dabei sollen aber die\nentwürdigenden Verfahren, die seit Jahren kritisiert werden, wegfallen. Im Bundestag wird es nun erstmals öffentlich debattiert. Die wichtigsten Fragen und Antworten""},{""text4"":""Das Selbstbestimmungsgesetz erleichtert es trans-, intergeschlechtlichen\nund nicht binären Menschen, ihren Geschlechtseintrag und ihren Vornamen im\nPersonenstandsregister ändern zu lassen. Dabei soll in Zukunft eine einfache Erklärung\nbeim Standesamt ausreichen, um diese Änderung vorzunehmen. Dazu muss versichert\nwerden, dass der gewählte Geschlechtseintrag der Geschlechtsidentität am besten\nentspricht. Das setzt natürlich voraus, dass die Geschlechtsidentität nicht mit\ndem ursprünglich im Register stehenden Eintrag übereinstimmt. Mindestens drei Monate vor dem eigentlichen Termin muss die Selbsterklärung beim Standesamt angemeldet werden. Dafür ist die Änderung nach dem Termin umgehend gültig. Ein früherer Entwurf des Gesetzes sah vor, dass diese erst drei Monate nach der Selbsterklärung wirksam wird. Danach sieht das Gesetz eine einjährige\nSperrfrist für eine weitere Änderung vor.""},{""text4"":""Für Minderjährige bis 14 Jahren müssen die Sorgeberechtigten\neine Änderungserklärung abgeben. Ab 14 Jahren können Minderjährige die Änderung\nselbst beantragen, brauchen aber die Zustimmung der Sorgeberechtigten. Wenn diese\ndagegen sind, soll ein Familiengericht entscheiden.""},{""text4"":""Außerdem sieht das Gesetz eine Interimslösung für Eltern vor,\ndie ihren eigenen Geschlechtseintrag haben ändern lassen. In der Geburtsurkunde\nihrer Kinder können sie demnach als \""Elternteil\"" eingetragen werden. Eine Interimslösung\nist das deshalb, weil das Abstammungsrecht bisher nur \""Mutter\"" und \""Vater\""\nvorsieht – anders als alle heute möglichen Angaben beim Geschlecht im\nPersonenstandsregister, nämlich \""männlich\"", \""weiblich\"", \""divers\"" und \""keine\nAngabe\"". Eine Reform des Abstammungsrechts hat die Koalition noch für diese\nLegislaturperiode angekündigt, bis dahin regelt das Selbstbestimmungsgesetz die\nÄnderung in der Geburtsurkunde.""},{""text4"":""Ein weiterer in dem Gesetz enthaltener Punkt ist das\nsogenannte Offenbarungsverbot. Es soll vor einem Zwangsouting schützen: Demnach\ndürfen frühere Geschlechtseinträge einer Person nicht ohne deren Zustimmung offenbart\noder ausgeforscht werden. Verstöße können mit einem Bußgeld geahndet werden.""},{""text4"":""Nachdem der Gesetzentwurf im Bundeskabinett beschlossen wurde, wurde er zur Stellungnahme an den Bundesrat weitergeleitet. Nun geht er an den Bundestag. Dort durchläuft der Entwurf in der Regel drei Lesungen. In der ersten Lesung wird er allgemein diskutiert und dann an die zuständigen Bundestagsausschüsse überwiesen. Dort wird der Entwurf beraten. Der federführende Ausschuss übergibt schließlich einen Bericht samt einer sogenannten Beschlussempfehlung zurück an das Plenum des Bundestags.""},{""text4"":""In der zweiten Lesung wird die vom federführenden Ausschuss vorgelegte Fassung des Gesetzesentwurfs beraten. Alle Abgeordnete können in dieser Lesung Änderungsanträge stellen. In der dritten Lesung können nur noch Fraktionen Änderungsanträge einbringen – sie dürfen nur die Bestimmungen betreffen, die in der zweiten Lesung verändert oder aufgenommen wurden. Nach der dritten Lesung stimmt der Bundestag über das Gesetz ab.""},{""text4"":""Die Bundesregierung plant, das Gesetz noch in diesem Jahr durch alle Lesungen und die Abstimmung im Bundestag zu bringen. Inkrafttreten soll es dann zum 1. November 2024.""},{""text4"":""Das Gesetz sieht Sonderregelungen etwa für Quotenregelungen und den Kriegsfall vor. Ändert eine Person ihren Geschlechtseintrag\nund ist in einer Position, in der Quotenregelungen gelten, dann soll das\nvorerst keine rechtlichen Folgen für die Frage haben, ob diese Quote durch die\nÄnderung eingehalten wird. Es gilt der Geschlechtseintrag zum Zeitpunkt der\nBerufung in die Position.""},{""text4"":""Im Kriegsfall sollen sich Personen, die einen männlichen\nGeschlechtseintrag besitzen, nicht dem Dienst an der Waffe entziehen können:\nDenn im Spannungs- und Verteidigungsfall bleibt die Zuordnung zum männlichen Geschlecht\ndem Gesetz zufolge bestehen, wenn der Änderungsantrag in unmittelbarem zeitlichem\nZusammenhang mit dem Spannungs- und Verteidigungsfall gestellt wird.""},{""text4"":""Das Gesetz regelt lediglich den Eintrag in Ausweisdokumenten\n– aber keine medizinischen Fragen. Auch ändert sich mit dem Gesetz nichts an den\nbisherigen Möglichkeiten bei Geschlechtseinträgen: Es gibt wie bisher die\nEinträge \""männlich\"", \""weiblich\"", \""divers\"" und \""keine Angabe\"".""},{""text4"":""Das Gesetz ändert zudem nichts an bisherigen Regelungen zur\nBewertung sportlicher Leistungen. Sportvereinigungen und Zusammenschlüsse entscheiden\nweiterhin selbst darüber, welche Personen zu welchen Wettbewerben zugelassen werden\n– nach geltendem Recht.""},{""text4"":""Auch trifft das Selbstbestimmungsgesetz keine Regelungen\nbeim Strafvollzug, das ist und bleibt Ländersache. Die bisherige Rechtslage\nsieht vor, dass bei der Unterbringung von Strafgefangenen nicht allein der Geschlechtseintrag\neine Rolle spielt.""},{""text4"":""Das Gesetz soll es trans, inter und nicht binären Menschen\nermöglichen, wie der Name schon sagt, selbst über eine Änderung ihres\nGeschlechtseintrags und Vornamen entscheiden zu können – ohne Fremdbestimmung. Es löst das sogenannte Transsexuellengesetz ab. \""Das Transsexuellengesetz stammt aus dem Jahr 1980 und\nist für die Betroffenen entwürdigend\"", sagte Bundesfamilienministerin Lisa\nPaus. Das Ministerium von Paus und das Bundesjustizministerium unter Marco Buschmann haben das Gesetz erarbeitet. \""Das geltende Recht behandelt die betreffenden Personen wie Kranke.\nDafür gibt es keine Rechtfertigung\"", sagte Bundesjustizminister Buschmann dazu.""},{""text4"":""Das Transsexuellengesetz\nist, wie Paus sagte, mehr als 40 Jahre alt. Im Laufe der Jahre hat das\nVerfassungsgericht Teile des Gesetzes als verfassungswidrig erklärt. Bislang müssen Menschen, die ihren Geschlechtseintrag im\nPersonenstandsregister ändern lassen wollen, ein langwieriges und teures\nVerfahren durchlaufen. Zwei unabhängige psychologische Gutachten müssen dabei eingeholt\nwerden, die mehr als 1.000 Euro kosten. Betroffene haben die Fragen, die ihnen dabei gestellt wurden,\nimmer wieder als demütigend bezeichnet. So wurden trans Menschen etwa danach gefragt,\nwie oft sie masturbieren oder was für Unterwäsche sie tragen. Der Prozess\ndauert mehrere Monate, am Ende entscheidet das zuständige Amtsgericht.""},{""text4"":""In der Internationalen Klassifikation der Krankheiten, die von\nder Weltgesundheitsorganisation herausgegeben wird, wurde \""Transsexualität\"" bis\n2022 unter \""Sexuelle Verhaltensabweichungen und Störungen\"" geführt – und fiel\ndamit in die Rubrik der Persönlichkeits- und Verhaltensstörungen. So wurde Transgeschlechtlichkeit\nauch in Deutschland behandelt. Der Begriff der \""Transsexualität\"" steht übrigens nicht nur\naufgrund seiner bisherigen Einstufung als psychische Krankheit in der Kritik, sondern auch,\nweil er suggeriert, es handele sich um eine sexuelle Orientierung. Dabei\nbezieht sich trans sein auf die Geschlechtsidentität – unabhängig von der\nsexuellen Ausrichtung.""},{""text4"":""Das Gesetz hat einen langen Weg hinter sich. Bereits vergangenen Sommer hatten Paus und Buschmann Eckpunkte vorgestellt. Danach gab es Uneinigkeiten zwischen verschiedenen Ministerien. Die damit einhergehende Debatte nahm teilweise transphobe Züge und Narrative auf. So wurde etwa darüber diskutiert, ob Männer nach einer Änderung des Geschlechtseintrags Zugang zu geschützten Räumen wie Frauenhäusern oder Frauensaunen haben sollen. In der jetzigen Fassung wurde daher explizit auf das Hausrecht und die Vertragsfreiheit verwiesen und mitaufgenommen, dass Schutzbereiche für vulnerable Personen nicht missbräuchlich in Anspruch genommen werden dürfen. Das wird von vielen Seiten als kritisch bewertet, mit der Begründung, dass es Vorurteile gegenüber trans Menschen schürt.""},{""text4"":""Auch Bundesinnenministerin Nancy Faeser schaltete sich in der Debatte ein. Ihr Ministerium sorgte sich darum, dass Kriminelle einen Wechsel von Geschlechtseintrag und Vornamen nutzen könnten, um ihre Identität zu verschleiern. Auch hier haben Paus und Buschmann mit einem klärenden Passus nachgelegt: Sicherheitsbehörden soll es demnach unter Auflagen erlaubt sein, zu erfahren, ob eine Person ihren Geschlechtseintrag und Vornamen geändert hat.""},{""text4"":""Kritik kam sowohl von Sven Lehmann, dem Queer-Beauftragten der\nBundesregierung, als auch von der Antidiskriminierungsbeauftragten, Ferda\nAtaman. Bestimmte Ausführungen in dem Entwurf seien dazu geeignet, \""Diskriminierung\nzu begünstigen und Vorurteile zu bestärken\"", kritisiert Ataman – etwa die\nexplizite Erwähnung des Hausrechts und der Vertragsfreiheit.""},{""text4"":""Beide sehen auch die Datenübermittlungspflicht an\nSicherheitsbehörden kritisch. Diese stelle gar eine \""Verschlechterung gegenüber\ndem Transsexuellengesetz und dem Personenstandsgesetz\"" dar, schreibt Ataman. Sollte es bei Sicherheitsbehörden keinen bestehenden Datensatz\nüber eine Person geben, müsse sichergestellt werden,\ndass persönliche Daten sofort gelöscht werden, fordert Lehmann.""},{""text4"":""Der Queer-Beauftragte kritisierte zudem den Zeitplan für das\nGesetz: \""Laut Innenministerium wäre ein Inkrafttreten erst am 1. November 2024\nmöglich. Selbst wenn Zeit für die erforderlichen Anpassungen des\nPersonenstandswesens eingeplant werden muss, ist ein Inkrafttreten im November\n2024 aus meiner Sicht zu spät. Es muss geprüft werden, ob ein Inkrafttreten\nbeschleunigt werden kann. Die Betroffenen haben lange genug gewartet.\""""},{""text4"":""So historisch das Gesetz für die Bundesrepublik sein mag – wir sind nicht das erste Land mit einer entsprechenden Gesetzesregelung. Insgesamt gibt es in 15 Ländern vergleichbare Gesetz. Das erste Land, das eine Änderung des Geschlechtseintrags durch Selbstauskunft möglich machte, war Argentinien – und das schon im Jahr 2012. Weitere Länder mit ähnlichen Gesetzen sind Chile, Malta, Dänemark, Luxemburg, Belgien, Irland, Portugal, Spanien, Finnland, Island, Neuseeland, Norwegen, Uruguay und die Schweiz.""}]","","","Das Selbstbestimmungsgesetz soll regeln, unter welchen Voraussetzungen trans, inter und nicht binäre Menschen ihren Geschlechtseintrag und ihren Vornamen ändern lassen können."
"1717599003-11","https://www.zeit.de/politik/deutschland/2023-11/bundestag-selbstbestimmungsgesetz-debatte-marco-buschmann-union","Z+ (abopflichtiger Inhalt);
        
    
Bundestag","Marco Buschmann verteidigt Selbstbestimmungsgesetz gegen Kritik","Der Bundestag berät erstmals über das Selbstbestimmungsgesetz. Während die CSU von ""Ideologie"" spricht, sagt der Bundesjustizminister, es geht um die ""Würde der Person"".","[{""text4"":""Anlässlich der ersten Bundestagsdebatte über das geplante Selbstbestimmungsgesetz hat Bundesjustizminister Marco Buschmann (FDP) das Vorhaben der Ampelkoalition gegen Kritik verteidigt. Es gehe bei dem Vorhaben um \""die Achtung und die Würde der Person, nicht um Identitätspolitik oder Zeitgeist\"",  sagte Buschmann vor Beginn der Beratung im Parlament.""},{""text4"":""\""Ein freiheitlicher Staat darf transgeschlechtliche Menschen nicht wie Kranke behandeln\"", sagte der Minister. \""Ein liberaler Staat muss respektieren, wenn transgeschlechtliche Menschen ihren Geschlechtseintrag ändern wollen.\""""},{""text4"":""Buschmann zeigte sich überzeugt, Vorbehalte gegen das Projekt entkräften zu können. Die Ampelkoalition habe einen Entwurf vorgelegt, \""der die Interessen der gesamten Gesellschaft in den Blick nimmt\"", sagte er. \""Die überfällige Besserstellung von transgeschlechtlichen Menschen wird nicht zulasten anderer gehen.\"" Erfahrungen anderer Länder mit ähnlichen Regeln, wie etwa der Schweiz, bezeichnete Buschmann als \""ermutigend\"".""},{""text4"":""Zuvor hatte vor allem die Union den Gesetzentwurf kritisiert. Die stellvertretende Fraktionschefin Dorothee Bär (CSU) sagte dem RedaktionsNetzwerk Deutschland, der Entwurf \""vermischt Biologie und Ideologie\"". So bestärke das Selbstbestimmungsgesetz etwa Kinder und Jugendliche \""in ihrer altersbedingten Unsicherheit\"", sagte sie. Die Koalition suggeriere, \""jeder und jede könne und solle neuerdings sein Geschlecht nun frei bestimmen\"".""},{""text4"":""Auch Vizefraktionschefin Andrea Lindholz (CDU) kritisierte das Gesetz. \""Wenn es jedem möglich ist, auf bloßen Zuruf beim Standesamt das Geschlecht jedes Jahr zu ändern, entwertet man auch das biologische Geschlecht gänzlich\"", sagte sie dem Portal web.de. Es gehe \""einfach zu weit\"", wenn \""allein das Gefühl\"" darüber entscheide, welchem Geschlecht man angehöre.""},{""text4"":""Das Gesetz soll es trans- und intergeschlechtlichen Menschen erleichtern, den Eintrag im Personenregister und ihren Vornamen anzupassen. Rechtliche und medizinische Gutachten, wie sie derzeit dafür benötigt werden und die Betroffene als erniedrigend kritisieren, sollen damit entfallen: Künftig soll eine einfache Erklärung beim Standesamt möglich sein. Für Jugendliche bis 14 Jahren soll das aber nicht gelten, stattdessen ist dann die Erklärung ihrer gesetzlichen Vertreter oder eines Familiengerichts notwendig. Laut dem Gesetzentwurf sollen Personen, die ihren Geschlechtseintrag ändern lassen wollen, versichern, dass der Schritt \""ihrer Geschlechtsidentität am besten entspricht\"" und ihnen die Tragweite dieser Entscheidung bewusst ist.""},{""text4"":""Der Entwurf der Ampelkoalition war auch im Bundesrat auf Kritik gestoßen – allerdings anderer Art als in den Reihen der Unionsfraktion. Die Länderkammer schlug Ende Oktober mehrere Änderungen an dem Entwurf vor, um Diskriminierung von trans- und intergeschlechtlichen Menschen zu verhindern. Konkret kritisierte der Bundesrat eine Passage, in der es heißt, es bleibe \""etwa im Rahmen des Hausrechts\"" möglich, \""im Einzelfall zu differenzieren.\""""},{""text4"":""Dabei geht es beispielsweise um den Zugang von trans Personen zu Bereichen wie Frauen-Saunen. Ihnen könne der Zugang entsprechend dem Wortlaut des Entwurfs weiterhin verwehrt bleiben, kritisierten die Länder und forderten, im Gesetzestext auf das Benachteiligungsverbot hinzuweisen.""},{""text4"":""Die Entstehung des Gesetzes war von einer öffentlichen Debatte begleitet worden,\n in der unter anderem die Befürchtung ausgedrückt worden war, die neuen \nRegelungen könnten missbraucht werden. Betroffene kritisierten die \nVorbehalte als transphob.""},{""text4"":""Viele bisherige Regelungen sollen nach den Plänen der Koalition unberührt bleiben: Es ändert sich beispielsweise nichts für die Zulassung von trans Personen zu geschlechtergetrennten Wettbewerben im Sport, wo Vereine weiter selbst entscheiden können. Für medizinische Fälle hat das geplante Gesetz ebenfalls keine Folgen. Auch werden über die bisherigen Optionen \""männlich\"", \""weiblich\"" und \""divers\"" hinaus keine neuen Geschlechtseinträge in Ausweisdokumenten geschaffen.""}]","","",""
"1717599006-12","https://www.zeit.de/politik/deutschland/2023-06/ferda-ataman-selbstbestimmungsgesetz-bundesregierung","Z+ (abopflichtiger Inhalt);
        
    
Geschlechtseintrag","Ataman wirft Regierung Einknicken bei Selbstbestimmungsgesetz vor","Die Antidiskriminierungsbeauftragte kritisiert, dass das Selbstbestimmungsgesetz auf ""rechtspopulistische"" Argumente eingehe. Es betreffe die neue Regelung zum Hausrecht.","[{""text4"":""Das geplante Selbstbestimmungsgesetz zieht weitere Kritik nach sich. Die Antidiskriminierungsbeauftragte des Bundes warf der Bundesregierung vor, nach Kritik \""quasi eingeknickt\"" zu sein. \""Was mir ganz große Bauchschmerzen bereitet, ist die Regelung zum Hausrecht und der Begründungstext. Dort wird ungewöhnlich ausschweifend auf rechtspopulistische Argumente eingegangen\"", sagte Ferda Ataman der Nachrichtenagentur dpa.""},{""text4"":""In der Begründung zum Selbstbestimmungsgesetz heißt es, dass ein \neingetragenes Geschlecht einem nicht automatisch Zugang zu geschützten \nRäumen gibt. Es soll weiterhin das private Hausrecht gelten, also das \nRecht des Inhabers, darüber zu bestimmen, wer beispielsweise seine \nWohnung oder Geschäftsräume betritt. Das Allgemeine \nGleichbehandlungsgesetz schützt jedoch transgeschlechtliche Personen vor\n Diskriminierung aufgrund ihrer Geschlechtsidentität, was bedeutet, dass\n sie nicht aufgrund ihres Geschlechts abgelehnt werden dürfen.""},{""text4"":""Kritik am Selbstbestimmungsgesetz kommt vor allem immer wieder von der Union und der AfD. Auch Linkenpolitikerin Sahra Wagenknecht hatte vor Gefahren für Frauen gewarnt, insbesondere in Schutzräumen wie Frauensaunen. Für Ataman ist dies eine irrationale Debatte. \""Es wurde erzählt, man müsse sich jetzt Sorgen machen, ob Männer und Frauen überhaupt noch klar definiert seien und ob jetzt Männer ihren Geschlechtseintrag ändern würden, um dann in der Sauna Frauen zu begaffen\"", sagte sie. \""Wir haben in Deutschland überwiegend gemischtgeschlechtliche Saunen. Kein Mann muss seinen Geschlechtseintrag ändern lassen, um in Deutschland eine nackte Frau zu sehen.\""""},{""text4"":""Bundesfamilienministerin Lisa Paus (Grüne) und Justizminister Marco Buschmann (FDP) hatten Anfang Mai den Entwurf zu dem Gesetz vorgelegt, das Vorhaben ist im Koalitionsvertrag der Ampelparteien festgeschrieben. Demnach soll jeder Mensch in Deutschland künftig sein Geschlecht und seinen Vornamen selbst festlegen und in einem einfachen Verfahren beim Standesamt ändern können. Das Gesetz richtet sich laut Familien- und Justizministerium an transgeschlechtliche, intergeschlechtliche und nicht binäre Menschen.""},{""text4"":""Drei Monate nach einer selbst abgegebenen Erklärung soll die Änderung des Geschlechtseintrags wirksam werden. Ist der Geschlechtseintrag einmal geändert, soll eine Sperrfrist von einem Jahr gelten. Danach könne man den Geschlechtseintrag erneut ändern.""},{""text4"":""Kinder und Jugendliche können ihren Geschlechtseintrag nicht selbstständig ändern. Bis 14 Jahre müssen die Sorgeberechtigten die Erklärung gegenüber dem Standesamt abgeben, danach müssen die Sorgeberechtigten nur noch zustimmen.""}]","","","Ferda Ataman, die Antidiskriminierungsbeauftragte des Bundes, kritisiert die Vorlage zum Selbstbestimmungsgesetz."
"1717599012-13","https://www.zeit.de/politik/deutschland/2023-06/selbstbestimmungsgesetz-geschlechtseintrag-debatte-5vor8","Z+ (abopflichtiger Inhalt);
        
    
Fünf vor 8:00 / Selbstbestimmungsgesetz","Darüber lohnt es sich zu streiten","Wer das Selbstbestimmungsgesetz kritisiert, wird schnell als anti trans abgestempelt. Wir müssen lernen, nüchterner über kulturelle Fragen zu diskutieren.","[{""text4"":""Für Ferda Ataman, die Antidiskriminierungsbeauftragte der Bundesregierung, ist die Sache klar: Bei der Kritik am Selbstbestimmungsgesetz gehe es nur um \""rechtspopulistische\"" Ressentiments, erklärte sie zu Wochenbeginn. Ataman setzt damit den Ton in einem politischen Streit, der längst auch den Gesetzgebungsprozess selbst verzögert: Das Gesetz, das es für trans Personen einfacher machen soll, ihren Geschlechtseintrag auf dem Standesamt zu ändern, steht auch diese Woche wieder nicht auf der Tagesordnung des Kabinetts. Es sind noch Fragen offen. Auch wenn Ataman das anders sieht: Manche Bedenken gegen das Gesetz sind vielleicht berechtigt, zumindest einen genaueren Blick wert.""},{""text4"":""Es ist jedenfalls nicht nur die Verantwortung der Kritiker an dem Gesetz, sensibel zu formulieren, sondern auch die der Anti-Diskriminierungsbeauftragten. Mit der Rechspopulismus-Keule kommt man beim Thema Geschlechteridentität, einem Thema, das viele Menschen aufwühlt – und ja, verunsichert –, nicht weiter. Wer so redet wie Ataman, zündelt selbst.""},{""text4"":""Je emotionaler die Diskussion um das Selbstbestimmungsgesetz geführt wird, je länger sich Befürworter und Gegner mit Vorwürfen überziehen, desto mehr Leidensdruck entsteht für diejenigen, um die es in dem Gesetz eigentlich geht.""},{""text4"":""Viele trans Personen wollen doch einfach nur ihr Leben leben und bitte nicht im Mittelpunkt einer Kulturkampf-Diskussion stehen. Schon ihr Alltag ist oft genug voller Beschimpfungen, Kämpfe, Diskriminierungen – mehr Aufregung, mehr Hass können die Allermeisten von ihnen gewiss nicht gebrauchen.""},{""text4"":""Die gute Nachricht ist doch: Über den Kern der Reform sind sich fast alle einig, auch CDU-Politiker und der Bund der Katholiken. Das alte und diskriminierende Transsexuellengesetz, das bereits mehrfach vom Bundesverfasssungsgericht gerügt wurde, gehört abgeschafft. Eine trans Person, die künftig ihren Geschlechtseintrag im Pass oder in Behördenpapieren ändern will, soll dies einfacher und ohne aufwendige psychologische Begutachtung tun können.""},{""text4"":""Und die Kritik an dem geplanten Gesetz? Sie lässt sich grob in zwei Kategorien unterteilen.""},{""text4"":""Da ist erstens die \""Sorge vor Missbrauch\"", die derzeit im für das Gesetz zuständigen Justiz- und im Familienministerium zu allerlei Nachjustierungen an den ursprünglichen Plänen führt.""},{""text4"":""Das bekannteste Beispiel ist der Frauensauna-Fall: Könnten künftig biologische Männer als (schnell mal auf dem Standesamt umgetragene)  trans Frauen Eintritt in bisher geschützte Räume verlangen, zum Beispiel in Frauenhäuser oder in Frauensaunen? Das klingt konstruiert. Und die Furcht, dass sich diese Personen dann dort übergriffig oder gar gewalttätig verhalten, scheint übertrieben (so etwas wird wohl nur im extremen Einzelfall vorkommen). Aber die Bedenken der Betreiberinnen sollte man ernst nehmen: Wer eine Frauensauna anbietet, möglicherweise auch als Rückzugsraum für streng gläubige Frauen, soll das auch weiterhin lediglich für biologische Frauen tun können. Ohne in Angst zu leben, verklagt zu werden.""},{""text4"":""Das hat die Ampel nun klargestellt. Man kann darüber witzeln, dass sie dazu im Gesetzestext nur noch einmal explizit auf die bereits geltende Rechtslage verweist. Aber bei der juristischen Auslegung des Hausrechts kann das zu einem späteren Zeitpunkt noch wichtig werden – gerade, falls eine an der Saunatür abgelehnte Person sich auf das Antidiskriminierungsgesetz berufen will.""},{""text4"":""Stichwort Missbrauch-Sorgen: Im Kleingedruckten des Selbstbestimmungsgesetzes wird jetzt auch der Verteidigungsfall erwähnt. Natürlich sollen sich Männer im militärischen Ernstfall nicht durch einen schnellen Geschlechtsumtrag auf dem Standesamt dem Wehrdienst entziehen können.""},{""text4"":""Und noch so eine Nachjustierung, die gerade diskutiert wird: Wer sich als gesuchte Straftäterin schnell auf dem Standesamt einen männlichen Vornamen gibt, in der Hoffnung, dann nicht entdeckt zu werden, soll künftig nicht darauf vertrauen dürfen, dass das Standesamt diesen Akt der Polizei wegen des geplanten Offenbarungsverbots verschweigen muss.""},{""text4"":""Solche Details mögen abstrus klingen. Aber es ist richtig, sie zu regeln. Je klarer der Gesetzentwurf, desto weniger Angriffsfläche bietet er den Kritikern, wenn er bald im Bundestag diskutiert wird.""},{""text4"":""Viel heikler als diese technischen Detailfragen ist die zweite Kategorie, in die Vorbehalte gegen das Gesetz fallen: kulturelle Fragen und die Sorge vor mangelndem Jugendschutz.""},{""text4"":""Das Gesetz wird es ganz sicher vielen Menschen ermöglichen, ihre richtige Identität zu leben – aber vielleicht verleitet es auch jene, die sich ihrer Identität noch nicht sicher sind, einen Weg zu gehen, der derzeit in aller Munde ist, aber für sie langfristig vielleicht trotzdem falsch? Wie sehr also könnte ein einfacherer Geschlechtsumtrag künftig Menschen dazu motivieren, sich der trans Community anzuschließen?""},{""text4"":""Solche Sorgen haben nicht nur Jugendpsychiater formuliert, sondern auch manche Homosexuellen- und trans Vertreter: dass trans sein eine Mode sei (anders als beispielsweise das Lesbischsein und Schwulsein). Und dass der peer pressure gerade unter Jugendlichen nicht unterschätzt werden dürfe. Solche Beobachtungen werden übrigens gerade auch in ganz normalen Arztpraxen gemacht.""},{""text4"":""Kritiker wenden ein, dass das Selbstbestimmungsgesetz nur den Geschlechtseintrag auf dem Amt regelt – wer die medizinische Transition will, muss sich weiter psychologisch begutachten lassen.  Das stimmt und greift doch zu kurz. Denn wer den einen Schritt geht, denkt natürlich auch über den zweiten nach.""},{""text4"":""Die Frage, wie wir als Gesellschaft mit der zunehmend selbstbewussten Trans-Bewegung umgehen wollen, liegt also offen da – und die Aufregung über das Selbstbestimmungsgesetz ist nur der Katalysator dafür. Statt die Gräben zu vertiefen, sich gegenseitig mit Vorwürfen zu überziehen, bräuchte es dringend einen behutsameren Diskussionsprozess zwischen Befürwortern und Skeptikern der gender identity. Brückenbauer also. Und nicht einen großen dunklen Abgrund der gegenseitigen Vorwürfe, in den jeder seine Ressentiments über den anderen kippt, um es sich dann auf der vermeintlich richtigen Seite gemütlich zu machen.""}]","Auf einer Seite lesen","https://www.zeit.de/politik/deutschland/2023-06/selbstbestimmungsgesetz-geschlechtseintrag-debatte-5vor8/komplettansicht",""
"1717599014-14","https://www.zeit.de/politik/deutschland/2023-07/bundesjustizminister-marco-buschmann-selbstbestimmungsgesetz-entwurf","Z+ (abopflichtiger Inhalt);
        
    
Bundeskabinett","Buschmann erwartet baldigen Beschluss von Selbstbestimmungsgesetz","Bald könnte es Menschen diskriminierungsärmer möglich sein, ihr Geschlecht zu ändern. Der Bundesjustizminister erwartet, dass der Entwurf im Herbst beschlossen wird.","[{""text4"":""Bundesjustizminister Marco Buschmann erwartet nach der Sommerpause eine Verabschiedung des geplanten Selbstbestimmungsgesetzes durch das Bundeskabinett. \""Mein Ziel ist klar: Zügig nach der Sommerpause wollen wir den Entwurf für das Selbstbestimmungsgesetz im Kabinett beschließen\"", sagte der FDP-Politiker der Rheinischen Post. Der Bundestag solle endlich über das Gesetz beraten können.""},{""text4"":""Mit der Reform will die Ampel-Koalition das etwa 40 Jahre alte Transsexuellengesetz abschaffen. Auch nach diesem Gesetz ist es bereits möglich, den Eintrag des eigenen Geschlechts ändern zu lassen. Betroffene beschreiben dies allerdings als kompliziert und belastend: So müssen Menschen, die den Eintrag ändern wollen, zwei psychiatrische Gutachten einholen und dabei sehr intime Fragen beantworten. Ein Gericht entscheidet dann über die Änderung.""},{""text4"":""Das Bundesverfassungsgericht hatte Teile dieser Praxis als verfassungswidrig eingestuft.""},{""text4"":""Intersexualität ist ein Oberbegriff für eine Vielzahl von – meist sehr seltenen –         medizinischen Phänomenen. Mal geht es um eine abweichende Verteilung der         Geschlechts-Chromosomen, mal um die fehlende Wirkung von Hormonen. Oft zeigen sich die         Auffälligkeiten bereits bei der Geburt, manchmal erst in der Pubertät. Fachleute sprechen         auch von \""Störungen der Geschlechtsentwicklung\"" oder politisch korrekter         von \""Besonderheiten der Geschlechtsentwicklung\"" (englisch in beiden Fällen abgekürzt DSD).         Die meisten DSD-Betroffenen ordnen sich jedoch eindeutig einem Geschlecht zu. Als         zwischengeschlechtlich         definiert sich nur eine kleine Minderheit.""},{""text4"":""Transsexualität         oder Transidentität ist dagegen  etwas anderes. Sie liegt         vor, wenn sich ein Mensch nicht mit  seinem Geburtsgeschlecht identifiziert. Die biologische         Ursache  des Gefühls, im falschen Körper zu leben, ist noch weitgehend unklar.""},{""text4"":""Transvestiten         wiederum tragen nur die  Kleidung des anderen Geschlechts.         Als Sammelbegriff für  Menschen, die von der heterosexuellen Norm abweichen, wird von          Betroffenen auch die Bezeichnung queer verwendet.""},{""text4"":""Bundesfamilienministerin Lisa Paus (Grüne) und Buschmann hatten bereits im vergangenen Jahr die Eckpunkte für das Gesetz vorgestellt. Ende April einigten sich Bundesfamilien- und Bundesjustizministerium auf einen gemeinsamen Entwurf. Für eine Änderung von Vornamen und Geschlechtseintrag müssen demnach bestimmte Voraussetzungen erfüllt sein: So muss die Erklärung drei Monate vorher angemeldet werden und Minderjährige benötigen die Zustimmung der Eltern. Auch geht es bei der Reform nicht um geschlechtsangleichende Operationen. Einwände an dem Entwurf äußerte das Bundesinnenministerium.""},{""text4"":""Buschmann sagte weiter, er rechne damit, dass die Debatte um das Selbstbestimmungsgesetz im Bundestag lebhaft werde. Ihm gehe es um eine behutsame und pragmatische Fortentwicklung des Rechts. \""Wir haben größten Wert daraufgelegt, alle Möglichkeiten des Missbrauchs – und seien sie noch so fernliegend – auszuschließen.\""""}]","","","Bundesjustizminister Marco Buschmann"
"1717599017-15","https://www.zeit.de/politik/deutschland/2023-08/ferda-ataman-selbstbestimmungsgesetz-bundestag-kritik","Z+ (abopflichtiger Inhalt);
        
    
Ferda Ataman","Antidiskriminierungsbeauftragte kritisiert Selbstbestimmungsgesetz","Die Bundesregierung will mit dem neuen Selbstbestimmungsrecht die Benachteiligung von trans Personen abbauen. Doch Ferda Ataman entdeckt im Gesetz neue Diskriminierungen.","[{""text4"":""Die Bundesbeauftragte für Antidiskriminierung hält das neue Selbstbestimmungsgesetz (SBGG), das am Mittwoch vom Kabinett beschlossen werden soll, in Teilen für ungenügend und fordert Nachbesserungen. \""Das SBGG muss klar das Ziel verfolgen, die Selbstbestimmung zu stärken und das Recht jeder Person auf Achtung und respektvolle Behandlung in Bezug auf die Geschlechtsidentität zu verwirklichen\"", schreibt Ferda Ataman in einer Stellungnahme, die ZEIT ONLINE vorliegt. In dem Gesetzentwurf fänden sich dagegen Ausführungen, \""die dazu geeignet sind, Diskriminierungen zu begünstigen und Vorurteile zu bestärken\"", kritisiert Ataman.""},{""text4"":""Das Selbstbestimmungsgesetz soll das bisher geltende Transsexuellengsetz ersetzen. Künftig soll die Änderung des Geschlechtseintrags im Personenstandsregister und die Änderungen der Vornamen für trans Personen sehr viel einfacher werden. Bisher waren dafür zwei psychologische Gutachten notwendig, außerdem musste ein Gericht entscheiden. Künftig soll eine Selbstauskunft gegenüber dem Standesamt reichen.""},{""text4"":""Insofern leite das Gesetz durchaus einen \""überfälligen Paradigmenwechsel\"" ein, schreibt Ataman.  An einigen Stellen enthalte das SBGG aber sogar \""Verschlechterungen gegenüber dem Transsexuellengesetz und dem Personenstandsgesetz\"". Dies gelte etwa für die Datenübermittlungspflicht an eine Vielzahl von Sicherheitsbehörden. Auf diese hatte Innenministerin Nancy Faeser (SPD) bestanden, um zu verhindern, dass Kriminelle versuchten, sich mithilfe eines geänderten Geschlechtseintrags der Strafverfolgung zu entziehen. Ataman sieht darin eine Diskriminierung, weil eine solche Übermittlung etwa nach einem Namenswechsel infolge einer Eheschließung nicht vorgesehen ist.""},{""text4"":""Eine Verschlechterung im Vergleich zur gegenwärtigen Gesetzeslage stellt laut Ataman auch die sogenannte Anmeldefrist dar. Diese regelt, dass die Änderung des Geschlechtseintrags drei Monate vorher beim Standesamt angemeldet werden muss. Eine solche Frist gab es bisher für intersexuelle Personen nicht. Ataman fordert deswegen die Streichung dieser Regelung.""},{""text4"":""Neu hinzugekommen im Vergleich zu früheren Fassungen des Gesetzentwurfs ist auf Drängen des Innenministeriums eine weitere Einschränkung: So können Ausländer eine Änderung ihres Geschlechtseintrags in Deutschland nur dann beantragen, wenn ihr Aufenthaltstitel nicht innerhalb der folgenden zwei Monate ausläuft. Dies müsse wieder gestrichen werden, fordert Ataman. Das Recht auf eine selbstbestimmte Änderung des Geschlechtseintrags \""kann nicht vom Aufenthaltsstatus einer Person abhängig gemacht werden\"".""},{""text4"":""Ataman kritisiert zudem, dass in dem Gesetz ausdrücklich auf das Hausrecht und die Vertragsfreiheit verwiesen wird, um zu verhindern, dass trans Personen die Änderung des Geschlechtseintrags nutzen, um sich Zugang zu geschützten Bereichen wie Frauenhäusern oder Frauensaunen zu verschaffen. \""Dadurch werden Vorurteile gegen trans*Frauen gestärkt\"", schreibt Ataman. Es sei zu befürchten, dass Menschen in diesen Bereichen ihr Geschlecht nicht leben könnten, \""weil sie zum Beispiel nicht 'weiblich genug' aussehen\"".""},{""text4"":""Die in der Öffentlichkeit breit diskutierte Sorgen vor einem Missbrauch der neuen Regelungen hält Ataman für nicht gerechtfertigt. \""Dass ein Mann seinen Geschlechtseintrag mit allen verbundenen Folgen ändert, nur um eine Frauensauna oder eine Toilette zu betreten und Frauen zu belästigen, ist lebensfremd\"", schreibt sie.""},{""text4"":""Im Koalitionsvertrag hatten die Ampelparteien zudem vereinbart, ein erweitertes und sanktionsbewehrtes Offenbarungsverbot einzuführen. Wer die frühere Geschlechtsidentität einer trans Person gegen deren Willen bekannt macht, sollte entsprechend bestraft werden können. Diesem Anspruch wird der Gesetzentwurf laut Ataman jedoch nicht gerecht.""},{""text4"":""Stattdessen gebe es im Vergleich zum heutigen Transsexuellengesetz eine zusätzliche Ausnahme voM Offenbarungsverbot, so Ataman. Voraussetzung für ein Bußgeld ist laut dem Gesetzentwurf außerdem, dass mit der Offenbarung der früheren Geschlechtszugehörigkeit oder des Vornamens absichtlich ein Schaden zugefügt werden soll. Wenn die Offenbarung also eher zufällig stattfindet, wäre kein Bußgeld fällig. Die Schädigungsabsicht solle gestrichen werden, fordert Ataman, \""um einen wirksamen Schutz des Allgemeinen Persönlichkeitsrechts der Betroffenen zu realisieren\"".""},{""text4"":""Korrekturhinweis: Die Anmeldefrist bezieht sich anders als in einer ersten Fassung des Artikels dargestellt nicht auf den Zeitraum zwischen der Abgabe einer Erklärung beim Standesamt und der Änderung des Geschlechtseintrags, sondern betrifft die Frist, mit der die Abgabe einer Erklärung zur Änderung des Geschlechtseintrags beim Standesamt angemeldet werden muss. Wir haben den Fehler korrigiert.""}]","","","Die Bundesbeauftragte für Antidiskriminierung Ferda Ataman fordert Nachbesserungen am Entwurf für ein Selbstbestimmungsgesetz."
"1717599020-16","https://www.zeit.de/politik/deutschland/2023-08/regierung-beschliesst-neue-regeln-zur-aenderung-des-geschlechtereintrags","Z+ (abopflichtiger Inhalt);
        
    
Selbstbestimmungsgesetz","Regierung beschließt neue Regeln zur Änderung des Geschlechtseintrags","Das Bundeskabinett hat das sogenannte Selbstbestimmungsgesetz auf den Weg gebracht. Geschlechtseinträge sollen dadurch künftig einfacher geändert werden können.","[{""text4"":""Die Bundesregierung hat das sogenannte Selbstbestimmungsgesetz beschlossen, das eine vereinfachte Änderung des Geschlechtseintrags ermöglichen soll. Menschen sollen künftig nur noch eine einfache Selbstauskunft beim Standesamt abgeben müssen, wenn sie den Vornamen oder den Geschlechtseintrag im Personenstandsregister ändern wollen. Das neue Gesetz soll das seit 1981 geltende sogenannte Transsexuellengesetz ablösen.""},{""text4"":""Die Verabschiedung des Entwurfs sei \""ein großer Moment\"" für trans und intergeschlechtliche Menschen in Deutschland, sagte Bundesfamilienministerin Lisa Paus (Grüne). \""Das Grundgesetz garantiert die freie Entfaltung der Persönlichkeit und die Achtung der geschlechtlichen Identität. Trotzdem wurden die Betroffenen mehr als 40 Jahre lang durch das Transsexuellengesetz diskriminiert. Damit ist jetzt endlich Schluss.\""""},{""text4"":""Bundesjustizminister Marco Buschmann (FDP) sagte, das Selbstbestimmungsgesetz sei Ausdruck einer Politik, für die die Grundrechte an erster Stelle stehen. \""Alle Menschen haben ein Recht darauf, dass der Staat ihre geschlechtliche Identität achtet. Und um dieses Menschenrecht geht es uns.\""""},{""text4"":""Künftig soll jeder Mensch in Deutschland sein Geschlecht und seinen Vornamen selbst festlegen und in einem einfachen Verfahren beim Standesamt ändern können. Das Gesetz richtet sich der Bundesregierung zufolge an trans, intergeschlechtliche und nicht binäre Menschen.""},{""text4"":""Bisher müssen Betroffene für eine Änderung der Einträge zwei psychologische Gutachten einreichen. Dann entscheidet das zuständige Amtsgericht. Betroffene kritisieren das Verfahren als langwierig, teuer und entwürdigend. Teile der Vorschriften wurden inzwischen vom Bundesverfassungsgericht verworfen.""},{""text4"":""Gemäß dem Gesetzentwurf muss die Änderung nun drei Monate vor der Erklärung beim Standesamt angemeldet werden. Nach der Änderung gilt eine einjährige Sperrfrist für eine erneute Änderung.""},{""text4"":""Bei Kindern unter 14 sollen die Eltern die nötige Erklärung beim Standesamt einreichen können. Jugendliche ab 14 können dies selbst tun, allerdings nur mit Einverständnis der Eltern. Gibt es hier innerfamiliäre Konflikte, kann das Familiengericht die Entscheidung treffen.""},{""text4"":""Der Queerbeauftragte der Bundesregierung, Sven Lehmann, sprach nach dem Kabinettsbeschluss von einem historischen Tag. \""Jeder Mensch hat das Recht auf Anerkennung seiner Persönlichkeit. Dieses Recht wird aber trans- und intergeschlechtlichen sowie nicht binären Menschen bislang vorenthalten\"", sagte der Grünenpolitiker. \""Die nun geplante Abschaffung psychiatrischer Zwangsbegutachtung und langwieriger, teurer Gerichtsverfahren ist für diese Menschen ein riesiger Fortschritt.\""""},{""text4"":""Kritik am Selbstbestimmungsgesetz kommt unter anderem von der Union und der AfD. Als in Teilen ungenügend kritisierte es zuletzt aber auch die Bundesbeauftragte für Antidiskriminierung, Ferda Ataman. Das Selbstbestimmungsgesetz müsse \""klar das Ziel verfolgen, die Selbstbestimmung zu stärken und das Recht jeder Person auf Achtung und respektvolle Behandlung in Bezug auf die Geschlechtsidentität zu verwirklichen\"", schreibt Ferda Ataman in einer Stellungnahme, die ZEIT ONLINE vorliegt. In dem Gesetzentwurf fänden sich dagegen Ausführungen, \""die dazu geeignet sind, Diskriminierungen zu begünstigen und Vorurteile zu bestärken\"". Eine Verschlechterung gegenüber dem Transsexuellengesetz sieht Ataman etwa in der dreimonatigen Anmeldefrist.""}]","","",""
"1717599023-17","https://www.zeit.de/zett/2023-08/selbstbestimmungsgesetz-trans-frauen-sauna-debatte","Selbstbestimmungsgesetz","Vor uns trans Frauen muss man scheinbar Angst haben","Die Debatte um das Selbstbestimmungsgesetz vermittelt den Eindruck, trans Frauen würden ständig in Frauensaunen und Umkleiden aufkreuzen. Das geht an der Realität vorbei.","[{""text4"":""Am 16. Dezember 2019 habe ich zum letzten Mal einen Umkleideraum betreten, sagt mein Kalender. Es war die letzte Stunde meines Tennis-Einsteigerkurses. Seither bin ich erfinderisch geworden: Ich geh mit der Sportkleidung unter meiner normalen Kleidung hin, zieh mich in Besenkammern um oder – wenn ich ganz ehrlich bin – ich spiele einfach kein Tennis mehr.""},{""text4"":""Ich bin trans. Und seit ich gemerkt habe, dass das mir zugewiesene Geschlecht nicht meines ist, ist es sehr kompliziert geworden, geschlechtergetrennte Räume zu nutzen. Mir war klar, dass ich kein Mann bin, aber mir war genauso klar, dass ich aufgrund meines Aussehens erst mal weiterhin Männerumkleiden benutzen muss.""},{""text4"":""Das Kabinett der Ampel-Koalition hat am Mittwoch den Entwurf des neuen Selbstbestimmungsgesetzes beschlossen. Es regelt, unter welchen Bedingungen trans Personen ihren Namen und das eingetragene Geschlecht ändern können. Der Koalition war es wichtig, im Entwurf noch einmal festzuhalten, dass das Hausrecht von diesem \""unberührt bleibt\"".""},{""text4"":""Juristisch gesehen, müsste man das nicht machen. Das Hausrecht erlaubt es Immobilienbesitzer:innen, eigene Regeln für deren Nutzung aufzustellen und Menschen wegzuschicken, wenn sie sich nicht daran halten. Es ist ein Grundrecht und es war allen stets klar: Natürlich ist es einer Bademeisterin weiterhin erlaubt, eine Person vor die Tür zu stellen, wenn sie sich unangemessen verhält. Und doch wollte die Koalition diesen Passus unbedingt explizit in das Gesetz schreiben. Was darin mitschwingt: Vor uns trans Frauen muss man scheinbar Angst haben.""},{""text4"":""Dank meiner Hormontherapie habe ich heute Brüste und einen Penis. Ich bin glücklich so, aber es macht das Besuchen dieser Orte nicht einfacher. Da ich mir – wie übrigens viele trans Personen – keine Genital-OP wünsche, wird das bis auf Weiteres auch so bleiben.""},{""text4"":""Von den meisten werde ich heute als Frau gelesen. Seit einem Jahr gehe ich nur noch auf die Frauentoilette und die ersten Male ist mir jedes Mal das Herz in die Hose gerutscht. Zu meiner großen Erleichterung war meine Anwesenheit dort aber bisher nie ein Problem. Ich ernte tatsächlich viel mehr nette Blicke als komische.""},{""text4"":""Aber an einem Frauentag in die Sauna? Oder nach dem Sport in eine Frauen-Gemeinschaftsdusche? Davon bin ich weit entfernt. Die Angst, dass sich jemand meinetwegen unwohl fühlt, ist viel zu groß. In meiner Geburtsurkunde steht mittlerweile \""weiblich\"", aber wen interessiert das, wenn ich nackt vor ihnen stehe.""},{""text4"":""Die Debatte um das Selbstbestimmungsgesetz vermittelt den Eindruck, trans Frauen würden ständig mit ihrer Geburtsurkunde in der Frauensauna aufkreuzen und Eintritt verlangen. Doch dieses Bild, das da konstruiert wird, ist dermaßen weit weg von meiner Realität, dass ich mich frage, ob die auch nur ein einziges Mal mit einer trans Person geredet haben. Denn wenn ich dies tue, stelle ich fest: So wie mir geht es fast allen.""},{""text4"":""Meine Befürchtung ist, dass diese symbolische Textstelle und die Art, wie diese diskutiert wird, dazu führen, dass gewisse Personen oder Betriebe sich erstmals Sorgen machen vor uns trans Personen. Und das macht mir wiederum Angst.""},{""text4"":""Dabei sind die Zahlen eindeutig: Fälle, in denen eine trans Person in Schutzräumen übergriffig wurde, sind kaum zu finden. Gleichzeitig nehmen Fälle von Gewalt gegen trans Personen gerade jährlich zu.""},{""text4"":""Je länger meine medizinische Transition dauert, desto abwegiger wird es für mich, noch mal in eine Männerumkleide zu gehen. Doch wenn der Gesetzgeber Personen in der Frauenumkleide vor mir schützen möchte – wer beschützt dann eigentlich mich?""},{""text4"":""So bald wird man mich also auch weiterhin nicht in einer binär getrennten Umkleide antreffen. Ein kleiner Schritt, den ich mich kürzlich getraut habe: Ich habe im Nachtzug einen Platz im Damenabteil gebucht. Meine beiden Mitfahrerinnen waren äußerst freundlich. Eine von ihnen meinte am Ende, sie habe sich sehr gefreut, mich kennenzulernen.""},{""text4"":""Solche Begegnungen geben mir Hoffnung, dass jene, die mich in diesen Räumen nicht haben wollen, nur eine kleine Minderheit sind. Auch wir trans Personen sind nicht viele. Weniger als ein Prozent aller Menschen identifizieren sich in Deutschland als trans. Und mit der Angst ist das ja so eine Sache. Sie ist dann am größten, wenn man etwas nicht kennt oder etwas noch nie erlebt hat.""},{""text4"":""In einer Befragung des Pew Research Center identifizierten sich in den USA bereits zwei Prozent der unter 30-Jährigen als trans. Ich hoffe deshalb sehr, dass die Angst sich Begegnung um Begegnung in Luft auflöst – bei allen Beteiligten – und wir merken, dass cis und trans Frauen wunderbar zusammen in eine Umkleide passen.""}]","","",""
